Name,Gender,GenderProbability,Nationality,NationalityProbability,Source,Timestamp
Daniel,male,0.99,RO,0.09323228064641534,API,2025-08-15T11:54:36.224Z
Singh,male,0.95,IN,0.20603713481492364,API,2025-08-15T11:54:36.367Z
Ceylan,female,0.88,TR,0.518254688640705,API,2025-08-15T11:54:36.512Z
Keseroğlu,male,1,TR,0.6598711705707949,API,2025-08-15T11:54:36.661Z
Ömür,male,0.68,TR,0.618603601852531,API,2025-08-15T11:54:36.817Z
Sarıoğlu,male,0.83,TR,0.6525196945457122,API,2025-08-15T11:54:36.967Z
Aditya,male,1,ID,0.4894383657450198,API,2025-08-15T11:54:37.107Z
Dalvi,male,0.85,IN,0.3511896310044758,API,2025-08-15T11:54:37.249Z
Gabin,male,0.99,CM,0.10889128287370385,API,2025-08-15T11:54:37.389Z
Lefevre,male,0.58,FR,0.3582335024602713,API,2025-08-15T11:54:37.532Z
Begoña,female,1,ES,0.4290547237815492,API,2025-08-15T11:54:37.679Z
Medina,female,0.86,VE,0.08462752137678693,API,2025-08-15T11:54:37.819Z
Emre,male,0.98,TR,0.4633649492676239,API,2025-08-15T11:54:37.959Z
Karaböcek,unknown,0,TR,0.5056853842876174,API,2025-08-15T11:54:38.111Z
Heriberto,male,1,MX,0.11159671960737484,API,2025-08-15T11:54:38.257Z
da Paz,female,0.86,BR,0.3462448312724555,API,2025-08-15T11:54:38.404Z
Cameron,male,0.94,NZ,0.13923723496506482,API,2025-08-15T11:54:38.545Z
Chavez,male,0.72,MX,0.08254843322001641,API,2025-08-15T11:54:38.688Z
Olivia,female,0.99,CN,0.0806242642993901,API,2025-08-15T11:54:38.829Z
Castro,male,0.88,CR,0.07641010146904849,API,2025-08-15T11:54:38.968Z
Romashka,female,0.73,UA,0.24410439437298387,API,2025-08-15T11:54:39.118Z
Adamovich,male,0.73,BY,0.39884801062535685,API,2025-08-15T11:54:39.266Z
Josefa,female,0.99,AO,0.1206674387292565,API,2025-08-15T11:54:39.408Z
Barthel,male,0.83,DE,0.253175784499698,API,2025-08-15T11:54:39.555Z
Greg,male,1,US,0.08769859271537037,API,2025-08-15T11:54:39.694Z
Coleman,male,0.99,US,0.3119301526016467,API,2025-08-15T11:54:39.837Z
Anastasia,female,0.99,GR,0.10466540555914955,API,2025-08-15T11:54:39.984Z
Sikveland,unknown,0,NO,0.7085440988867161,API,2025-08-15T11:54:40.130Z
Teodomiro,male,0.98,BR,0.2677946443317046,API,2025-08-15T11:54:40.275Z
Nogueira,male,0.78,BR,0.21185241266312832,API,2025-08-15T11:54:40.420Z
Karen,female,0.99,CN,0.08155533101644502,API,2025-08-15T11:54:40.560Z
Roux,female,0.51,FR,0.26556168079861686,API,2025-08-15T11:54:40.701Z
Constance,female,0.99,CM,0.12694654061288504,API,2025-08-15T11:54:40.848Z
Kelley,female,0.91,US,0.7493718625723507,API,2025-08-15T11:54:40.990Z
Julia,female,0.99,CN,0.07040824622938605,API,2025-08-15T11:54:41.131Z
Wells,male,0.86,US,0.32029295942175834,API,2025-08-15T11:54:41.272Z
Martin,male,0.99,US,0.11401947148682534,API,2025-08-15T11:54:41.411Z
Richards,male,0.97,JM,0.1933099145532809,API,2025-08-15T11:54:41.556Z
Lachlan,male,0.98,AU,0.20366454468261616,API,2025-08-15T11:54:41.704Z
Thompson,male,0.96,US,0.2064192672846189,API,2025-08-15T11:54:41.845Z
Begüm,female,0.99,TR,0.40537320371794805,API,2025-08-15T11:54:41.985Z
Kıraç,male,0.97,TR,0.6548427563949066,API,2025-08-15T11:54:42.130Z
Noham,male,0.94,IL,0.20316688855075576,API,2025-08-15T11:54:42.275Z
Leroy,male,0.98,FR,0.338180566606794,API,2025-08-15T11:54:42.416Z
Bratislav,male,0.99,RS,0.5479834852721068,API,2025-08-15T11:54:42.567Z
Kalnickiy,unknown,0,LV,0.6813542317576655,API,2025-08-15T11:54:42.715Z
Leanne,female,1,AU,0.12507687504252912,API,2025-08-15T11:54:42.858Z
Smith,male,0.82,US,0.21347775383491172,API,2025-08-15T11:54:42.998Z
Evangelista,male,0.78,PH,0.235271527278325,API,2025-08-15T11:54:43.143Z
Fogaça,male,0.57,BR,0.6208422733015287,API,2025-08-15T11:54:43.292Z
Farshad,male,0.99,IR,0.41915676975487565,API,2025-08-15T11:54:43.433Z
Blanken,male,0.8,NL,0.48318079020588917,API,2025-08-15T11:54:43.578Z
Aloys,male,0.99,RW,0.25344790628603375,API,2025-08-15T11:54:43.720Z
Kauer,male,0.82,CH,0.1929828333567657,API,2025-08-15T11:54:43.860Z
Salvador,male,0.99,PH,0.10076592245605934,API,2025-08-15T11:54:44.000Z
Sanders,male,0.94,US,0.39189242400247937,API,2025-08-15T11:54:44.145Z
Katie,female,1,HK,0.09465636284726864,API,2025-08-15T11:54:44.284Z
Taylor,female,0.6,US,0.2081405959838818,API,2025-08-15T11:54:44.421Z
Ülkü,female,0.9,TR,0.5739906200627538,API,2025-08-15T11:54:44.564Z
Akışık,unknown,0,TR,0.6391078780702695,API,2025-08-15T11:54:44.709Z
Koray,male,0.98,TR,0.3935946916917532,API,2025-08-15T11:54:44.851Z
Atan,male,0.95,MY,0.28863713351756803,API,2025-08-15T11:54:44.992Z
Özsu,female,0.92,TR,0.5369209063312,API,2025-08-15T11:54:45.136Z
Çağıran,male,1,TR,0.6764669726572266,API,2025-08-15T11:54:45.283Z
Owen,male,0.99,GB,0.13774190782200496,API,2025-08-15T11:54:45.423Z
Leclerc,male,0.62,FR,0.281313552935715,API,2025-08-15T11:54:45.564Z
Everdina,female,0.99,NL,0.7142857142857143,API,2025-08-15T11:54:45.707Z
Welp,female,0.8,NL,0.25460119372846846,API,2025-08-15T11:54:45.850Z
Alan,male,1,CN,0.10590909414157496,API,2025-08-15T11:54:45.989Z
Williamson,male,0.98,US,0.21586997203128117,API,2025-08-15T11:54:46.136Z
Ricardo,male,1,PT,0.09485004212502038,API,2025-08-15T11:54:46.278Z
Benítez,male,0.73,PY,0.18263269608772092,API,2025-08-15T11:54:46.422Z
Lennard,male,1,AU,0.1273916106827564,API,2025-08-15T11:54:46.564Z
Buil,male,0.56,ES,0.2071385580411312,API,2025-08-15T11:54:46.711Z
Magdalena,female,0.99,RO,0.161556427619117,API,2025-08-15T11:54:46.856Z
Ibáñez,male,0.62,CL,0.1654283868813783,API,2025-08-15T11:54:47.001Z
Timothe,male,0.98,HT,0.22804464698266616,API,2025-08-15T11:54:47.144Z
Adam,male,0.98,SD,0.07825860087354387,API,2025-08-15T11:54:47.283Z
Cristina,female,0.99,RO,0.3336069631625962,API,2025-08-15T11:54:47.429Z
Canales,male,0.69,CL,0.15532298508098039,API,2025-08-15T11:54:47.575Z
Eloïse,female,1,FR,0.2353501922284841,API,2025-08-15T11:54:47.721Z
Dubois,male,0.69,FR,0.18840065215524862,API,2025-08-15T11:54:47.860Z
Claudia,female,0.99,RO,0.30614140899567027,API,2025-08-15T11:54:48.003Z
Marín,male,0.71,CR,0.20143165593101592,API,2025-08-15T11:54:48.145Z
Gregorio,male,0.99,PH,0.15969839139766606,API,2025-08-15T11:54:48.289Z
Samaniego,male,0.62,PA,0.3309373416912396,API,2025-08-15T11:54:48.434Z
Marit,female,1,NO,0.3476253235188909,API,2025-08-15T11:54:48.574Z
Löhr,male,0.75,DE,0.44418409517801166,API,2025-08-15T11:54:48.724Z
Monali,female,0.99,BD,0.17492334552633032,API,2025-08-15T11:54:48.868Z
Keshri,male,0.71,IN,0.609174540431949,API,2025-08-15T11:54:49.010Z
Abigail,female,0.99,GH,0.2675266243850222,API,2025-08-15T11:54:49.154Z
Hunter,male,0.94,US,0.19335206314658326,API,2025-08-15T11:54:49.294Z
Kathleen,female,1,US,0.21724261303572515,API,2025-08-15T11:54:49.435Z
Howell,male,0.98,US,0.30040035118923525,API,2025-08-15T11:54:49.575Z
Alexander,male,1,US,0.14484224537668317,API,2025-08-15T11:54:49.716Z
León,male,0.94,EC,0.14177407754062868,API,2025-08-15T11:54:49.855Z
Lieveke,female,0.95,BE,0.6249316578831795,API,2025-08-15T11:54:50.002Z
Van Brink,male,0.66,NL,0.5912056204803058,API,2025-08-15T11:54:50.154Z
Morgan,male,0.64,US,0.15604397350145519,API,2025-08-15T11:54:50.295Z
Gaillard,male,0.59,FR,0.38290067534958866,API,2025-08-15T11:54:50.438Z
Sofie,female,0.99,BE,0.11402269482086544,API,2025-08-15T11:54:50.937Z
Madsen,male,0.91,DK,0.6146954996954492,API,2025-08-15T11:54:51.081Z
Madeleine,female,0.99,CM,0.19060096336342788,API,2025-08-15T11:54:51.226Z
Walker,male,0.98,US,0.20908695945619227,API,2025-08-15T11:54:51.364Z
Edgar,male,1,UG,0.07307400793863095,API,2025-08-15T11:54:51.500Z
Philippe,male,1,FR,0.22288576383377737,API,2025-08-15T11:54:51.640Z
Teklya,male,0.95,SD,0.30375366105379753,API,2025-08-15T11:54:51.788Z
Lavrenyuk,female,0.5,UA,0.4900343665930885,API,2025-08-15T11:54:51.936Z
Marcus,male,1,US,0.10734182488350529,API,2025-08-15T11:54:52.077Z
Møller,female,0.5,DK,0.6279606094462735,API,2025-08-15T11:54:52.221Z
Meral,female,0.98,TR,0.4341487300224218,API,2025-08-15T11:54:52.365Z
Koyuncu,male,0.86,TR,0.4490109760451736,API,2025-08-15T11:54:52.513Z
Arslanoğlu,male,0.8,TR,0.6570365065722044,API,2025-08-15T11:54:52.662Z
Ertürk,male,0.96,TR,0.5693660110875236,API,2025-08-15T11:54:52.806Z
Necati,male,0.99,TR,0.23344957572993777,API,2025-08-15T11:54:52.947Z
Gümüşpala,male,1,TR,0.7142857142857143,API,2025-08-15T11:54:53.100Z
Emma,female,0.97,CN,0.09084826167918379,API,2025-08-15T11:54:53.240Z
Henry,male,0.99,JM,0.1558615785599912,API,2025-08-15T11:54:53.380Z
Elizabeth,female,1,NG,0.07216801214113905,API,2025-08-15T11:54:53.523Z
Louis,male,0.99,HT,0.12273093201503488,API,2025-08-15T11:54:53.667Z
Iina,female,0.97,FI,0.1907643395670405,API,2025-08-15T11:54:53.808Z
Valli,female,0.89,FI,0.189086186151395,API,2025-08-15T11:54:53.951Z
Denise,female,1,US,0.10306844816068889,API,2025-08-15T11:54:54.091Z
Bowman,male,0.98,US,0.42416028282001894,API,2025-08-15T11:54:54.233Z
John,male,1,NG,0.07613817567167579,API,2025-08-15T11:54:54.370Z
Carroll,male,0.59,IE,0.34423077964167426,API,2025-08-15T11:54:54.516Z
Ellie,female,0.99,CN,0.14458558287933956,API,2025-08-15T11:54:54.659Z
Fleming,male,0.97,US,0.19974299784373029,API,2025-08-15T11:54:54.804Z
Biljana,female,0.99,RS,0.35166122440594144,API,2025-08-15T11:54:54.947Z
Ilić,male,0.85,RS,0.41029953327897006,API,2025-08-15T11:54:55.090Z
Greta,female,0.99,LT,0.11279706934133855,API,2025-08-15T11:54:55.231Z
Dupuis,male,0.55,FR,0.2634061674728394,API,2025-08-15T11:54:55.370Z
Marina,female,0.99,RO,0.07634066740625958,API,2025-08-15T11:54:55.509Z
Rodríguez,male,0.62,CR,0.08544320751534315,API,2025-08-15T11:54:55.652Z
Lilja,female,0.99,SE,0.3774153914106857,API,2025-08-15T11:54:55.793Z
Jarvi,male,0.95,US,0.3646638701549958,API,2025-08-15T11:54:55.936Z
Idálio,male,1,BR,0.7142857142857143,API,2025-08-15T11:54:56.082Z
Souza,male,0.68,BR,0.5191692226372602,API,2025-08-15T11:54:56.221Z
محیا,female,0.91,IR,0.35823333787694156,API,2025-08-15T11:54:56.356Z
مرادی,male,0.92,AF,0.5145933443368474,API,2025-08-15T11:54:56.492Z
Quim,male,0.98,GT,0.27820900494342743,API,2025-08-15T11:54:56.631Z
Mendes,male,0.77,PT,0.22761477582721226,API,2025-08-15T11:54:56.771Z
Emanuel,male,0.99,RO,0.11083664189680541,API,2025-08-15T11:54:56.916Z
Olesen,male,0.67,DK,0.6617180551320684,API,2025-08-15T11:54:57.055Z
Ortega,male,0.85,PA,0.15272829453284437,API,2025-08-15T11:54:57.196Z
Christine,female,1,UG,0.0877888675017084,API,2025-08-15T11:54:57.339Z
Harris,male,0.99,US,0.28113920624693084,API,2025-08-15T11:54:57.480Z
Maanas,male,1,EE,0.44566518282429723,API,2025-08-15T11:54:57.621Z
Mugeraya,unknown,0,DK,0.33560690328152865,API,2025-08-15T11:54:57.768Z
Leah,female,1,KE,0.08024543982456414,API,2025-08-15T11:54:57.907Z
Nichols,male,0.95,US,0.5030121144748156,API,2025-08-15T11:54:58.054Z
Umut,male,0.97,TR,0.45686099360802296,API,2025-08-15T11:54:58.193Z
Amy,female,0.99,CN,0.24341214652803672,API,2025-08-15T11:54:58.327Z
Ginnish,unknown,0,CA,0.6074317447698417,API,2025-08-15T11:54:58.473Z
Kyllo,male,0.9,NO,0.4691360952035913,API,2025-08-15T11:54:58.615Z
Savannah,female,1,US,0.1667964471113433,API,2025-08-15T11:54:58.759Z
Evans,male,0.97,US,0.18423922619173458,API,2025-08-15T11:54:58.898Z
Kristen,female,0.99,US,0.09783417824051897,API,2025-08-15T11:54:59.040Z
Peck,male,0.61,US,0.26961359372727967,API,2025-08-15T11:54:59.178Z
Teodora,female,0.99,RO,0.583297013663514,API,2025-08-15T11:54:59.321Z
Tasić,female,0.5,RS,0.5877022059400625,API,2025-08-15T11:54:59.464Z
Aubert,male,0.87,FR,0.37881782370618267,API,2025-08-15T11:54:59.604Z
Sheila,female,1,UG,0.0941449327425599,API,2025-08-15T11:54:59.743Z
Phillips,male,0.96,US,0.23284684736055217,API,2025-08-15T11:54:59.887Z
Balveer,male,0.95,OM,0.18437796732191136,API,2025-08-15T11:55:00.037Z
Shet,male,0.72,IN,0.33109292512220423,API,2025-08-15T11:55:00.186Z
Evelyn,female,1,GH,0.09487306378417129,API,2025-08-15T11:55:00.326Z
White,male,0.88,US,0.228552825117944,API,2025-08-15T11:55:00.468Z
Mathias,male,0.99,TZ,0.0679368312390057,API,2025-08-15T11:55:00.610Z
Tjøsvoll,unknown,0,NO,0.7135801278960753,API,2025-08-15T11:55:00.761Z
Axel,male,0.99,FR,0.037148631010775424,API,2025-08-15T11:55:00.900Z
Schmitt,male,0.61,DE,0.2590090337417293,API,2025-08-15T11:55:01.044Z
Colleen,female,1,US,0.2116912986903113,API,2025-08-15T11:55:01.190Z
Parker,male,0.91,US,0.24354506241398444,API,2025-08-15T11:55:01.331Z
Cherise,female,1,CN,0.20280994262837546,API,2025-08-15T11:55:01.486Z
David,male,1,NG,0.049693876309937865,API,2025-08-15T11:55:01.631Z
Ella,female,0.99,CM,0.09677289106552395,API,2025-08-15T11:55:01.769Z
Allen,male,0.99,US,0.23283092460362287,API,2025-08-15T11:55:01.916Z
Tuva,female,0.88,KE,0.3916044072811504,API,2025-08-15T11:55:02.064Z
Bay,male,0.75,DK,0.09458738331065845,API,2025-08-15T11:55:02.201Z
Aubrey,male,0.58,ZA,0.1511399499526419,API,2025-08-15T11:55:02.342Z
Morin,female,0.56,CA,0.22922964252897646,API,2025-08-15T11:55:02.485Z
Brian,male,1,UG,0.16812771032425097,API,2025-08-15T11:55:02.636Z
Hart,male,0.72,US,0.22453142636719994,API,2025-08-15T11:55:02.790Z
Kyle,male,0.99,US,0.16567393870268174,API,2025-08-15T11:55:02.932Z
Wade,male,0.99,SN,0.26593955054601287,API,2025-08-15T11:55:03.078Z
Praneel,male,1,NZ,0.5041848915343645,API,2025-08-15T11:55:03.233Z
Bhardwaj,male,0.88,IN,0.4404947446109255,API,2025-08-15T11:55:03.388Z
Lada,female,0.73,GR,0.12848157138879082,API,2025-08-15T11:55:03.536Z
Žigić,male,0.81,HR,0.42968616513156327,API,2025-08-15T11:55:03.679Z
Nina,female,0.98,BO,0.1840584565644872,API,2025-08-15T11:55:03.817Z
Lemoine,male,0.8,FR,0.3599804272321323,API,2025-08-15T11:55:03.962Z
Harold,male,1,US,0.10658569203794473,API,2025-08-15T11:55:04.103Z
Fox,male,0.88,US,0.1577542843659886,API,2025-08-15T11:55:04.239Z
Eemil,male,1,FI,0.6860658305805976,API,2025-08-15T11:55:04.384Z
Ketola,male,0.6,FI,0.6823889164975401,API,2025-08-15T11:55:04.531Z
Anica,female,0.99,RO,0.17879935636229852,API,2025-08-15T11:55:04.678Z
Uzelac,male,0.86,RS,0.3353067529790465,API,2025-08-15T11:55:04.823Z
Khalid,male,0.98,PK,0.22446108053251376,API,2025-08-15T11:55:04.959Z
Osman,male,0.98,SD,0.12580783415465016,API,2025-08-15T11:55:05.098Z
Sarah,unknown,0,unknown,0,API,2025-08-15T11:55:05.737Z
King,unknown,0,unknown,0,API,2025-08-15T11:55:05.772Z
Rebecca,unknown,0,unknown,0,API,2025-08-15T11:55:05.806Z
Newman,unknown,0,unknown,0,API,2025-08-15T11:55:05.838Z
Ma,unknown,0,unknown,0,API,2025-08-15T11:55:05.869Z
Johansen,unknown,0,unknown,0,API,2025-08-15T11:55:05.906Z
Chanakya,unknown,0,unknown,0,API,2025-08-15T11:55:05.943Z
Dsouza,unknown,0,unknown,0,API,2025-08-15T11:55:05.979Z
آرسین,unknown,0,unknown,0,API,2025-08-15T11:55:06.008Z
موسوی,unknown,0,unknown,0,API,2025-08-15T11:55:06.038Z
Macdonald,unknown,0,unknown,0,API,2025-08-15T11:55:06.085Z
سینا,unknown,0,unknown,0,API,2025-08-15T11:55:06.111Z
علیزاده,unknown,0,unknown,0,API,2025-08-15T11:55:06.141Z
Cecilia,unknown,0,unknown,0,API,2025-08-15T11:55:06.174Z
Amin,unknown,0,unknown,0,API,2025-08-15T11:55:06.206Z
Jen,unknown,0,unknown,0,API,2025-08-15T11:55:06.236Z
Warren,unknown,0,unknown,0,API,2025-08-15T11:55:06.270Z
Ethel,unknown,0,unknown,0,API,2025-08-15T11:55:06.304Z
Nooa,unknown,0,unknown,0,API,2025-08-15T11:55:06.337Z
Lampi,unknown,0,unknown,0,API,2025-08-15T11:55:06.369Z
Maeva,unknown,0,unknown,0,API,2025-08-15T11:55:06.402Z
Wilson,unknown,0,unknown,0,API,2025-08-15T11:55:06.436Z
Abel,unknown,0,unknown,0,API,2025-08-15T11:55:06.467Z
Blanchard,unknown,0,unknown,0,API,2025-08-15T11:55:06.500Z
Leposava,unknown,0,unknown,0,API,2025-08-15T11:55:06.536Z
Nikolić,unknown,0,unknown,0,API,2025-08-15T11:55:06.570Z
Adem,unknown,0,unknown,0,API,2025-08-15T11:55:06.599Z
Alpuğan,unknown,0,unknown,0,API,2025-08-15T11:55:06.635Z
Šerbedžija,unknown,0,unknown,0,API,2025-08-15T11:55:06.676Z
Tina,unknown,0,unknown,0,API,2025-08-15T11:55:06.707Z
Filipović,unknown,0,unknown,0,API,2025-08-15T11:55:06.743Z
Antonio,unknown,0,unknown,0,API,2025-08-15T11:55:06.776Z
Mendoza,unknown,0,unknown,0,API,2025-08-15T11:55:06.809Z
Mato,unknown,0,unknown,0,API,2025-08-15T11:55:06.840Z
Worm,unknown,0,unknown,0,API,2025-08-15T11:55:06.879Z
Väinö,unknown,0,unknown,0,API,2025-08-15T11:55:06.917Z
Eskola,unknown,0,unknown,0,API,2025-08-15T11:55:06.950Z
Ajay,unknown,0,unknown,0,API,2025-08-15T11:55:06.982Z
Kaur,unknown,0,unknown,0,API,2025-08-15T11:55:07.019Z
Charlotte,unknown,0,unknown,0,API,2025-08-15T11:55:07.052Z
Nicoline,unknown,0,unknown,0,API,2025-08-15T11:55:07.088Z
Christiansen,unknown,0,unknown,0,API,2025-08-15T11:55:07.126Z
Rajko,unknown,0,unknown,0,API,2025-08-15T11:55:07.160Z
Simeonović,unknown,0,unknown,0,API,2025-08-15T11:55:07.195Z
Tristan,unknown,0,unknown,0,API,2025-08-15T11:55:07.228Z
Hermann-Josef,unknown,0,unknown,0,API,2025-08-15T11:55:07.264Z
Salewski,unknown,0,unknown,0,API,2025-08-15T11:55:07.298Z
Silvano,unknown,0,unknown,0,API,2025-08-15T11:55:07.331Z
Esparza,unknown,0,unknown,0,API,2025-08-15T11:55:07.367Z
Natalia,unknown,0,unknown,0,API,2025-08-15T11:55:07.401Z
Leonard,unknown,0,unknown,0,API,2025-08-15T11:55:07.435Z
Glen,unknown,0,unknown,0,API,2025-08-15T11:55:07.467Z
Mcguinness,unknown,0,unknown,0,API,2025-08-15T11:55:07.504Z
Elena,unknown,0,unknown,0,API,2025-08-15T11:55:07.536Z
Simić,unknown,0,unknown,0,API,2025-08-15T11:55:07.571Z
Laura,unknown,0,unknown,0,API,2025-08-15T11:55:07.601Z
Marchand,unknown,0,unknown,0,API,2025-08-15T11:55:07.637Z
Viktorija,unknown,0,unknown,0,API,2025-08-15T11:55:07.676Z
Perišić,unknown,0,unknown,0,API,2025-08-15T11:55:07.716Z
Ai,unknown,0,unknown,0,API,2025-08-15T11:55:07.747Z
Kager,unknown,0,unknown,0,API,2025-08-15T11:55:07.780Z
Zoe,unknown,0,unknown,0,API,2025-08-15T11:55:07.811Z
Wright,unknown,0,unknown,0,API,2025-08-15T11:55:07.845Z
Stozhar,unknown,0,unknown,0,API,2025-08-15T11:55:07.879Z
Pankevich,unknown,0,unknown,0,API,2025-08-15T11:55:07.915Z
Serafín,unknown,0,unknown,0,API,2025-08-15T11:55:07.951Z
Santillán,unknown,0,unknown,0,API,2025-08-15T11:55:07.992Z
Nastya,unknown,0,unknown,0,API,2025-08-15T11:55:08.028Z
Gordiienko,unknown,0,unknown,0,API,2025-08-15T11:55:08.064Z
Sushmitha,unknown,0,unknown,0,API,2025-08-15T11:55:08.098Z
Bangera,unknown,0,unknown,0,API,2025-08-15T11:55:08.136Z
Avery,unknown,0,unknown,0,API,2025-08-15T11:55:08.168Z
Ryan,unknown,0,unknown,0,API,2025-08-15T11:55:08.199Z
Lola,unknown,0,unknown,0,API,2025-08-15T11:55:08.230Z
George,unknown,0,unknown,0,API,2025-08-15T11:55:08.265Z
Clara,unknown,0,unknown,0,API,2025-08-15T11:55:08.298Z
Arsenije,unknown,0,unknown,0,API,2025-08-15T11:55:08.333Z
Daničić,unknown,0,unknown,0,API,2025-08-15T11:55:08.369Z
Heleno,unknown,0,unknown,0,API,2025-08-15T11:55:08.404Z
Alves,unknown,0,unknown,0,API,2025-08-15T11:55:08.436Z
Stanimir,unknown,0,unknown,0,API,2025-08-15T11:55:08.475Z
Dokić,unknown,0,unknown,0,API,2025-08-15T11:55:08.512Z
Longoria,unknown,0,unknown,0,API,2025-08-15T11:55:08.549Z
Akal,unknown,0,unknown,0,API,2025-08-15T11:55:08.586Z
احسان,unknown,0,unknown,0,API,2025-08-15T11:55:08.617Z
Jennifer,unknown,0,unknown,0,API,2025-08-15T11:55:08.653Z
Mason,unknown,0,unknown,0,API,2025-08-15T11:55:08.685Z
Brage,unknown,0,unknown,0,API,2025-08-15T11:55:08.719Z
Rage,unknown,0,unknown,0,API,2025-08-15T11:55:08.753Z
Dominic,unknown,0,unknown,0,API,2025-08-15T11:55:08.789Z
Søderholm,unknown,0,unknown,0,API,2025-08-15T11:55:08.826Z
Stolle,unknown,0,unknown,0,API,2025-08-15T11:55:08.862Z
Kimberly,unknown,0,unknown,0,API,2025-08-15T11:55:08.899Z
Carlson,unknown,0,unknown,0,API,2025-08-15T11:55:08.934Z
Hilda,unknown,0,unknown,0,API,2025-08-15T11:55:08.972Z
Díaz,unknown,0,unknown,0,API,2025-08-15T11:55:09.011Z
Jackson,unknown,0,unknown,0,API,2025-08-15T11:55:09.058Z
Elinor,unknown,0,unknown,0,API,2025-08-15T11:55:09.093Z
Lygre,unknown,0,unknown,0,API,2025-08-15T11:55:09.134Z
Yarosvit,unknown,0,unknown,0,API,2025-08-15T11:55:09.166Z
Vilchinskiy,unknown,0,unknown,0,API,2025-08-15T11:55:09.293Z
Virginia,unknown,0,unknown,0,API,2025-08-15T11:55:09.307Z
Álvarez,unknown,0,unknown,0,API,2025-08-15T11:55:09.319Z
Crystal,unknown,0,unknown,0,API,2025-08-15T11:55:09.331Z
Vasquez,unknown,0,unknown,0,API,2025-08-15T11:55:09.344Z
Joona,unknown,0,unknown,0,API,2025-08-15T11:55:09.358Z
Wirkkala,unknown,0,unknown,0,API,2025-08-15T11:55:09.369Z
Mihaela,unknown,0,unknown,0,API,2025-08-15T11:55:09.381Z
Čabarkapa,unknown,0,unknown,0,API,2025-08-15T11:55:09.393Z
Slaven,unknown,0,unknown,0,API,2025-08-15T11:55:09.429Z
Lazić,unknown,0,unknown,0,API,2025-08-15T11:55:09.441Z
Kelya,unknown,0,unknown,0,API,2025-08-15T11:55:09.454Z
Angus,unknown,0,unknown,0,API,2025-08-15T11:55:09.467Z
Hughes,unknown,0,unknown,0,API,2025-08-15T11:55:09.479Z
Addison,unknown,0,unknown,0,API,2025-08-15T11:55:09.492Z
Bergeron,unknown,0,unknown,0,API,2025-08-15T11:55:09.504Z
Allie,unknown,0,unknown,0,API,2025-08-15T11:55:09.517Z
Banks,unknown,0,unknown,0,API,2025-08-15T11:55:09.530Z
زهرا,unknown,0,unknown,0,API,2025-08-15T11:55:09.543Z
گلشن,unknown,0,unknown,0,API,2025-08-15T11:55:09.556Z
Ramses,unknown,0,unknown,0,API,2025-08-15T11:55:09.569Z
Arce,unknown,0,unknown,0,API,2025-08-15T11:55:09.582Z
Toledo,unknown,0,unknown,0,API,2025-08-15T11:55:09.594Z
Davut,unknown,0,unknown,0,API,2025-08-15T11:55:09.608Z
Menemencioğlu,unknown,0,unknown,0,API,2025-08-15T11:55:09.620Z
Sharon,unknown,0,unknown,0,API,2025-08-15T11:55:09.632Z
Spencer,unknown,0,unknown,0,API,2025-08-15T11:55:09.644Z
Sophia,unknown,0,unknown,0,API,2025-08-15T11:55:09.656Z
Ginestal,unknown,0,unknown,0,API,2025-08-15T11:55:09.668Z
Sales,unknown,0,unknown,0,API,2025-08-15T11:55:09.680Z
Mauricio,unknown,0,unknown,0,API,2025-08-15T11:55:09.692Z
Noriega,unknown,0,unknown,0,API,2025-08-15T11:55:09.704Z
اميرمحمد,unknown,0,unknown,0,API,2025-08-15T11:55:09.716Z
سهيلي راد,unknown,0,unknown,0,API,2025-08-15T11:55:09.728Z
Maelya,unknown,0,unknown,0,API,2025-08-15T11:55:09.739Z
Théodore,unknown,0,unknown,0,API,2025-08-15T11:55:09.751Z
Garcia,unknown,0,unknown,0,API,2025-08-15T11:55:09.764Z
Barış,unknown,0,unknown,0,API,2025-08-15T11:55:09.777Z
Kunter,unknown,0,unknown,0,API,2025-08-15T11:55:09.794Z
Charlie,unknown,0,unknown,0,API,2025-08-15T11:55:09.807Z
Berry,unknown,0,unknown,0,API,2025-08-15T11:55:09.821Z
Stephanie,unknown,0,unknown,0,API,2025-08-15T11:55:09.832Z
Simpson,unknown,0,unknown,0,API,2025-08-15T11:55:09.844Z
Poleza,unknown,0,unknown,0,API,2025-08-15T11:55:09.856Z
Dubovik,unknown,0,unknown,0,API,2025-08-15T11:55:09.869Z
Laurie,unknown,0,unknown,0,API,2025-08-15T11:55:09.881Z
French,unknown,0,unknown,0,API,2025-08-15T11:55:09.893Z
Karla,unknown,0,unknown,0,API,2025-08-15T11:55:09.906Z
Petersen,unknown,0,unknown,0,API,2025-08-15T11:55:09.919Z
Lucy,unknown,0,unknown,0,API,2025-08-15T11:55:09.931Z
Fisher,unknown,0,unknown,0,API,2025-08-15T11:55:09.944Z
Judy,unknown,0,unknown,0,API,2025-08-15T11:55:09.956Z
Keith,unknown,0,unknown,0,API,2025-08-15T11:55:09.968Z
Willis,unknown,0,unknown,0,API,2025-08-15T11:55:09.981Z
Louisa,unknown,0,unknown,0,API,2025-08-15T11:55:09.994Z
Carpentier,unknown,0,unknown,0,API,2025-08-15T11:55:10.008Z
Anneroos,unknown,0,unknown,0,API,2025-08-15T11:55:10.021Z
Hubers,unknown,0,unknown,0,API,2025-08-15T11:55:10.032Z
Batur,unknown,0,unknown,0,API,2025-08-15T11:55:10.046Z
Avan,unknown,0,unknown,0,API,2025-08-15T11:55:10.072Z
Zachary,unknown,0,unknown,0,API,2025-08-15T11:55:10.085Z
Brown,unknown,0,unknown,0,API,2025-08-15T11:55:10.097Z
Miladin,unknown,0,unknown,0,API,2025-08-15T11:55:10.109Z
Mihajlović,unknown,0,unknown,0,API,2025-08-15T11:55:10.123Z
José,unknown,0,unknown,0,API,2025-08-15T11:55:10.137Z
Gallego,unknown,0,unknown,0,API,2025-08-15T11:55:10.149Z
Victoria,unknown,0,unknown,0,API,2025-08-15T11:55:10.163Z
Patel,unknown,0,unknown,0,API,2025-08-15T11:55:10.174Z
Blanca,unknown,0,unknown,0,API,2025-08-15T11:55:10.185Z
Bravo,unknown,0,unknown,0,API,2025-08-15T11:55:10.197Z
Sologuba,unknown,0,unknown,0,API,2025-08-15T11:55:10.208Z
Digtyar,unknown,0,unknown,0,API,2025-08-15T11:55:10.220Z
Svyatolyub,unknown,0,unknown,0,API,2025-08-15T11:55:10.233Z
Gromiko,unknown,0,unknown,0,API,2025-08-15T11:55:10.246Z
Volkan,unknown,0,unknown,0,API,2025-08-15T11:55:10.258Z
Andreja,unknown,0,unknown,0,API,2025-08-15T11:55:10.270Z
بهاره,unknown,0,unknown,0,API,2025-08-15T11:55:10.283Z
Virgínio,unknown,0,unknown,0,API,2025-08-15T11:55:10.296Z
Ribeiro,unknown,0,unknown,0,API,2025-08-15T11:55:10.308Z
Debbie,unknown,0,unknown,0,API,2025-08-15T11:55:10.320Z
Steward,unknown,0,unknown,0,API,2025-08-15T11:55:10.332Z
Idun,unknown,0,unknown,0,API,2025-08-15T11:55:10.344Z
Mork,unknown,0,unknown,0,API,2025-08-15T11:55:10.356Z
Serge,unknown,0,unknown,0,API,2025-08-15T11:55:10.368Z
Höfler,unknown,0,unknown,0,API,2025-08-15T11:55:10.380Z
Erman,unknown,0,unknown,0,API,2025-08-15T11:55:10.392Z
Röling,unknown,0,unknown,0,API,2025-08-15T11:55:10.404Z
Tommy,unknown,0,unknown,0,API,2025-08-15T11:55:10.416Z
Washington,unknown,0,unknown,0,API,2025-08-15T11:55:10.429Z
Mackenzie,unknown,0,unknown,0,API,2025-08-15T11:55:10.441Z
Karan,unknown,0,unknown,0,API,2025-08-15T11:55:10.453Z
Attema,unknown,0,unknown,0,API,2025-08-15T11:55:10.467Z
Raunak,unknown,0,unknown,0,API,2025-08-15T11:55:10.479Z
Mardhekar,unknown,0,unknown,0,API,2025-08-15T11:55:10.491Z
Maria,unknown,0,unknown,0,API,2025-08-15T11:55:10.504Z
Karlsson,unknown,0,unknown,0,API,2025-08-15T11:55:10.517Z
Vidyalaxmi,unknown,0,unknown,0,API,2025-08-15T11:55:10.529Z
Prajapati,unknown,0,unknown,0,API,2025-08-15T11:55:10.541Z
Luis,unknown,0,unknown,0,API,2025-08-15T11:55:10.554Z
Collins,unknown,0,unknown,0,API,2025-08-15T11:55:10.567Z
Mickey,unknown,0,unknown,0,API,2025-08-15T11:55:10.771Z
Nijeboer,unknown,0,unknown,0,API,2025-08-15T11:55:10.783Z
Sims,unknown,0,unknown,0,API,2025-08-15T11:55:10.796Z
Alfredo,unknown,0,unknown,0,API,2025-08-15T11:55:10.807Z
Granislav,unknown,0,unknown,0,API,2025-08-15T11:55:10.819Z
Vertinskiy,unknown,0,unknown,0,API,2025-08-15T11:55:10.831Z
Katalina,unknown,0,unknown,0,API,2025-08-15T11:55:10.846Z
Aleksić,unknown,0,unknown,0,API,2025-08-15T11:55:10.858Z
Frøya,unknown,0,unknown,0,API,2025-08-15T11:55:10.870Z
Leira,unknown,0,unknown,0,API,2025-08-15T11:55:10.882Z
Berta,unknown,0,unknown,0,API,2025-08-15T11:55:10.894Z
Rendón,unknown,0,unknown,0,API,2025-08-15T11:55:10.906Z
Deborah,unknown,0,unknown,0,API,2025-08-15T11:55:10.929Z
Andrea,unknown,0,unknown,0,API,2025-08-15T11:55:10.940Z
Jensen,unknown,0,unknown,0,API,2025-08-15T11:55:10.952Z
Albin,unknown,0,unknown,0,API,2025-08-15T11:55:10.965Z
Mercier,unknown,0,unknown,0,API,2025-08-15T11:55:10.988Z
Raj,unknown,0,unknown,0,API,2025-08-15T11:55:11.002Z
Oskar,unknown,0,unknown,0,API,2025-08-15T11:55:11.014Z
Kjøsnes,unknown,0,unknown,0,API,2025-08-15T11:55:11.026Z
Ceciliya,unknown,0,unknown,0,API,2025-08-15T11:55:11.038Z
Trigub,unknown,0,unknown,0,API,2025-08-15T11:55:11.051Z
Benjamín,unknown,0,unknown,0,API,2025-08-15T11:55:11.064Z
Menchaca,unknown,0,unknown,0,API,2025-08-15T11:55:11.076Z
Yazan,unknown,0,unknown,0,API,2025-08-15T11:55:11.089Z
Røhne,unknown,0,unknown,0,API,2025-08-15T11:55:11.100Z
Mads,unknown,0,unknown,0,API,2025-08-15T11:55:11.112Z
Hansen,unknown,0,unknown,0,API,2025-08-15T11:55:11.126Z
Venceslau,unknown,0,unknown,0,API,2025-08-15T11:55:11.168Z
Freitas,unknown,0,unknown,0,API,2025-08-15T11:55:11.181Z
William,unknown,0,unknown,0,API,2025-08-15T11:55:11.193Z
Küster,unknown,0,unknown,0,API,2025-08-15T11:55:11.206Z
Nalan,unknown,0,unknown,0,API,2025-08-15T11:55:11.218Z
Hakyemez,unknown,0,unknown,0,API,2025-08-15T11:55:11.230Z
Charmaine,unknown,0,unknown,0,API,2025-08-15T11:55:11.242Z
Krom,unknown,0,unknown,0,API,2025-08-15T11:55:11.255Z
Charisma,unknown,0,unknown,0,API,2025-08-15T11:55:11.266Z
Padding,unknown,0,unknown,0,API,2025-08-15T11:55:11.278Z
Areusa,unknown,0,unknown,0,API,2025-08-15T11:55:11.290Z
Peixoto,unknown,0,unknown,0,API,2025-08-15T11:55:11.302Z
Suzane,unknown,0,unknown,0,API,2025-08-15T11:55:11.314Z
Vieira,unknown,0,unknown,0,API,2025-08-15T11:55:11.327Z
Helene,unknown,0,unknown,0,API,2025-08-15T11:55:11.339Z
Jesus,unknown,0,unknown,0,API,2025-08-15T11:55:11.351Z
Gloria,unknown,0,unknown,0,API,2025-08-15T11:55:11.363Z
Gil,unknown,0,unknown,0,API,2025-08-15T11:55:11.375Z
Nurdan,unknown,0,unknown,0,API,2025-08-15T11:55:11.388Z
Düşenkalkar,unknown,0,unknown,0,API,2025-08-15T11:55:11.399Z
Marouane,unknown,0,unknown,0,API,2025-08-15T11:55:11.411Z
Van Grootveld,unknown,0,unknown,0,API,2025-08-15T11:55:11.423Z
Vasilije,unknown,0,unknown,0,API,2025-08-15T11:55:11.435Z
Smiljanić,unknown,0,unknown,0,API,2025-08-15T11:55:11.447Z
Oğuzhan,unknown,0,unknown,0,API,2025-08-15T11:55:11.459Z
Demirel,unknown,0,unknown,0,API,2025-08-15T11:55:11.471Z
Veer,unknown,0,unknown,0,API,2025-08-15T11:55:11.483Z
Soncedara,unknown,0,unknown,0,API,2025-08-15T11:55:11.496Z
Onisko,unknown,0,unknown,0,API,2025-08-15T11:55:11.510Z
Borimisl,unknown,0,unknown,0,API,2025-08-15T11:55:11.523Z
Opanasyuk,unknown,0,unknown,0,API,2025-08-15T11:55:11.535Z
Anupama,unknown,0,unknown,0,API,2025-08-15T11:55:11.547Z
Kini,unknown,0,unknown,0,API,2025-08-15T11:55:11.560Z
Rafael,unknown,0,unknown,0,API,2025-08-15T11:55:11.572Z
Moreno,unknown,0,unknown,0,API,2025-08-15T11:55:11.584Z
Donna,unknown,0,unknown,0,API,2025-08-15T11:55:11.597Z
Erbay,unknown,0,unknown,0,API,2025-08-15T11:55:11.609Z
Asunción,unknown,0,unknown,0,API,2025-08-15T11:55:11.620Z
Serrano,unknown,0,unknown,0,API,2025-08-15T11:55:11.634Z
Earl,unknown,0,unknown,0,API,2025-08-15T11:55:11.650Z
Claude,unknown,0,unknown,0,API,2025-08-15T11:55:11.663Z
Fitzgerald,unknown,0,unknown,0,API,2025-08-15T11:55:11.675Z
Etienne,unknown,0,unknown,0,API,2025-08-15T11:55:11.689Z
Roy,unknown,0,unknown,0,API,2025-08-15T11:55:11.700Z
Inés,unknown,0,unknown,0,API,2025-08-15T11:55:11.712Z
Aguilar,unknown,0,unknown,0,API,2025-08-15T11:55:11.725Z
Aidan,unknown,0,unknown,0,API,2025-08-15T11:55:11.736Z
Cooper,unknown,0,unknown,0,API,2025-08-15T11:55:11.748Z
Afşar,unknown,0,unknown,0,API,2025-08-15T11:55:11.761Z
Türkdoğan,unknown,0,unknown,0,API,2025-08-15T11:55:11.772Z
Udarsh,unknown,0,unknown,0,API,2025-08-15T11:55:11.784Z
Raval,unknown,0,unknown,0,API,2025-08-15T11:55:11.795Z
Holly,unknown,0,unknown,0,API,2025-08-15T11:55:11.816Z
Bell,unknown,0,unknown,0,API,2025-08-15T11:55:11.828Z
حسین,unknown,0,unknown,0,API,2025-08-15T11:55:11.840Z
Mario,unknown,0,unknown,0,API,2025-08-15T11:55:11.851Z
Méndez,unknown,0,unknown,0,API,2025-08-15T11:55:11.864Z
Eliseu,unknown,0,unknown,0,API,2025-08-15T11:55:11.876Z
Pereira,unknown,0,unknown,0,API,2025-08-15T11:55:11.889Z
Chloé,unknown,0,unknown,0,API,2025-08-15T11:55:11.901Z
Fleury,unknown,0,unknown,0,API,2025-08-15T11:55:11.913Z
Paula,unknown,0,unknown,0,API,2025-08-15T11:55:11.925Z
Hidalgo,unknown,0,unknown,0,API,2025-08-15T11:55:11.938Z
Stone,unknown,0,unknown,0,API,2025-08-15T11:55:11.951Z
Prvoslav,unknown,0,unknown,0,API,2025-08-15T11:55:11.963Z
Radojičić,unknown,0,unknown,0,API,2025-08-15T11:55:11.982Z
Gui,unknown,0,unknown,0,API,2025-08-15T11:55:11.994Z
da Luz,unknown,0,unknown,0,API,2025-08-15T11:55:12.008Z
Lena,unknown,0,unknown,0,API,2025-08-15T11:55:12.021Z
Mira,unknown,0,unknown,0,API,2025-08-15T11:55:12.033Z
Carvalho,unknown,0,unknown,0,API,2025-08-15T11:55:12.046Z
Raúl,unknown,0,unknown,0,API,2025-08-15T11:55:12.058Z
Rocha,unknown,0,unknown,0,API,2025-08-15T11:55:12.317Z
Nelli,unknown,0,unknown,0,API,2025-08-15T11:55:12.347Z
Kuusisto,unknown,0,unknown,0,API,2025-08-15T11:55:12.382Z
Anita,unknown,0,unknown,0,API,2025-08-15T11:55:12.410Z
Sandvold,unknown,0,unknown,0,API,2025-08-15T11:55:12.445Z
Robert,unknown,0,unknown,0,API,2025-08-15T11:55:12.477Z
Murray,unknown,0,unknown,0,API,2025-08-15T11:55:12.529Z
Kelly,unknown,0,unknown,0,API,2025-08-15T11:55:12.562Z
Torres,unknown,0,unknown,0,API,2025-08-15T11:55:12.596Z
Hanninen,unknown,0,unknown,0,API,2025-08-15T11:55:12.631Z
Eduardo,unknown,0,unknown,0,API,2025-08-15T11:55:12.663Z
Douglas,unknown,0,unknown,0,API,2025-08-15T11:55:12.695Z
Alisa,unknown,0,unknown,0,API,2025-08-15T11:55:12.727Z
Kalm,unknown,0,unknown,0,API,2025-08-15T11:55:12.770Z
Ambre,unknown,0,unknown,0,API,2025-08-15T11:55:12.800Z
Moreau,unknown,0,unknown,0,API,2025-08-15T11:55:12.834Z
Dolores,unknown,0,unknown,0,API,2025-08-15T11:55:12.867Z
Jimenez,unknown,0,unknown,0,API,2025-08-15T11:55:12.897Z
Vincent,unknown,0,unknown,0,API,2025-08-15T11:55:12.929Z
Ayla,unknown,0,unknown,0,API,2025-08-15T11:55:12.960Z
آیناز,unknown,0,unknown,0,API,2025-08-15T11:55:12.987Z
سالاری,unknown,0,unknown,0,API,2025-08-15T11:55:13.019Z
Radojko,unknown,0,unknown,0,API,2025-08-15T11:55:13.053Z
Muller,unknown,0,unknown,0,API,2025-08-15T11:55:13.085Z
Ruth,unknown,0,unknown,0,API,2025-08-15T11:55:13.115Z
Mardal,unknown,0,unknown,0,API,2025-08-15T11:55:13.150Z
Ivanna,unknown,0,unknown,0,API,2025-08-15T11:55:13.185Z
Voievidka,unknown,0,unknown,0,API,2025-08-15T11:55:13.217Z
Ana,unknown,0,unknown,0,API,2025-08-15T11:55:13.249Z
Zúñiga,unknown,0,unknown,0,API,2025-08-15T11:55:13.286Z
Lilo,unknown,0,unknown,0,API,2025-08-15T11:55:13.315Z
Reichl,unknown,0,unknown,0,API,2025-08-15T11:55:13.350Z
Gonzalo,unknown,0,unknown,0,API,2025-08-15T11:55:13.384Z
Báez,unknown,0,unknown,0,API,2025-08-15T11:55:13.419Z
Cruz,unknown,0,unknown,0,API,2025-08-15T11:55:13.452Z
Vega,unknown,0,unknown,0,API,2025-08-15T11:55:13.484Z
Aarsland,unknown,0,unknown,0,API,2025-08-15T11:55:13.516Z
Veera,unknown,0,unknown,0,API,2025-08-15T11:55:13.547Z
Rantanen,unknown,0,unknown,0,API,2025-08-15T11:55:13.583Z
Roberto,unknown,0,unknown,0,API,2025-08-15T11:55:13.616Z
Ordóñez,unknown,0,unknown,0,API,2025-08-15T11:55:13.652Z
Lea,unknown,0,unknown,0,API,2025-08-15T11:55:13.679Z
Maurijn,unknown,0,unknown,0,API,2025-08-15T11:55:13.712Z
Boogert,unknown,0,unknown,0,API,2025-08-15T11:55:13.745Z
Ernesto,unknown,0,unknown,0,API,2025-08-15T11:55:13.780Z
Pascual,unknown,0,unknown,0,API,2025-08-15T11:55:13.812Z
Mariamna,unknown,0,unknown,0,API,2025-08-15T11:55:13.845Z
Gurko,unknown,0,unknown,0,API,2025-08-15T11:55:13.877Z
Marisela,unknown,0,unknown,0,API,2025-08-15T11:55:13.910Z
Gonzales,unknown,0,unknown,0,API,2025-08-15T11:55:13.944Z
Clyde,unknown,0,unknown,0,API,2025-08-15T11:55:13.976Z
Turner,unknown,0,unknown,0,API,2025-08-15T11:55:14.009Z
Emmett,unknown,0,unknown,0,API,2025-08-15T11:55:14.042Z
Rustad,unknown,0,unknown,0,API,2025-08-15T11:55:14.076Z
Xavier,unknown,0,unknown,0,API,2025-08-15T11:55:14.110Z
Valladares,unknown,0,unknown,0,API,2025-08-15T11:55:14.146Z
Sean,unknown,0,unknown,0,API,2025-08-15T11:55:14.176Z
Miller,unknown,0,unknown,0,API,2025-08-15T11:55:14.208Z
Slavica,unknown,0,unknown,0,API,2025-08-15T11:55:14.239Z
Nikodem,unknown,0,unknown,0,API,2025-08-15T11:55:14.272Z
Hareide,unknown,0,unknown,0,API,2025-08-15T11:55:14.306Z
Estelle,unknown,0,unknown,0,API,2025-08-15T11:55:14.340Z
Dumas,unknown,0,unknown,0,API,2025-08-15T11:55:14.369Z
Angela,unknown,0,unknown,0,API,2025-08-15T11:55:14.400Z
Gomez,unknown,0,unknown,0,API,2025-08-15T11:55:14.430Z
Murat,unknown,0,unknown,0,API,2025-08-15T11:55:14.460Z
Markert,unknown,0,unknown,0,API,2025-08-15T11:55:14.494Z
Ira,unknown,0,unknown,0,API,2025-08-15T11:55:14.525Z
Nagane,unknown,0,unknown,0,API,2025-08-15T11:55:14.557Z
Yatan,unknown,0,unknown,0,API,2025-08-15T11:55:14.592Z
Kumari,unknown,0,unknown,0,API,2025-08-15T11:55:14.625Z
Joanne,unknown,0,unknown,0,API,2025-08-15T11:55:14.658Z
Bryant,unknown,0,unknown,0,API,2025-08-15T11:55:14.688Z
Warinder,unknown,0,unknown,0,API,2025-08-15T11:55:14.723Z
Rai,unknown,0,unknown,0,API,2025-08-15T11:55:14.755Z
Olaf,unknown,0,unknown,0,API,2025-08-15T11:55:14.785Z
Vidal,unknown,0,unknown,0,API,2025-08-15T11:55:14.815Z
Dylan,unknown,0,unknown,0,API,2025-08-15T11:55:14.846Z
Grønhaug,unknown,0,unknown,0,API,2025-08-15T11:55:14.881Z
Hredhaan,unknown,0,unknown,0,API,2025-08-15T11:55:14.913Z
Dhamdhame,unknown,0,unknown,0,API,2025-08-15T11:55:14.948Z
Robin,unknown,0,unknown,0,API,2025-08-15T11:55:14.979Z
Anusha,unknown,0,unknown,0,API,2025-08-15T11:55:15.013Z
Rajesh,unknown,0,unknown,0,API,2025-08-15T11:55:15.046Z
Theo,unknown,0,unknown,0,API,2025-08-15T11:55:15.077Z
Rynning,unknown,0,unknown,0,API,2025-08-15T11:55:15.112Z
Mila,unknown,0,unknown,0,API,2025-08-15T11:55:15.144Z
Bonnet,unknown,0,unknown,0,API,2025-08-15T11:55:15.178Z
Lorenzo,unknown,0,unknown,0,API,2025-08-15T11:55:15.210Z
Jonathan,unknown,0,unknown,0,API,2025-08-15T11:55:15.244Z
Shelton,unknown,0,unknown,0,API,2025-08-15T11:55:15.279Z
Vaishnavi,unknown,0,unknown,0,API,2025-08-15T11:55:15.313Z
Banerjee,unknown,0,unknown,0,API,2025-08-15T11:55:15.346Z
Okan,unknown,0,unknown,0,API,2025-08-15T11:55:15.378Z
Çamdalı,unknown,0,unknown,0,API,2025-08-15T11:55:15.417Z
Tanvi,unknown,0,unknown,0,API,2025-08-15T11:55:15.449Z
Kavser,unknown,0,unknown,0,API,2025-08-15T11:55:15.484Z
Gaute,unknown,0,unknown,0,API,2025-08-15T11:55:15.518Z
Løkken,unknown,0,unknown,0,API,2025-08-15T11:55:15.555Z
Corinna,unknown,0,unknown,0,API,2025-08-15T11:55:15.591Z
Roche,male,0.58,IE,0.33914075901462487,API,2025-08-15T11:55:15.678Z
Margaret,female,1,GH,0.0844540830113565,API,2025-08-15T11:55:15.822Z
Alma,female,0.99,AL,0.03892482520950847,API,2025-08-15T11:55:15.960Z
Stanley,male,0.99,US,0.1364666901623438,API,2025-08-15T11:55:16.103Z
Huhtala,male,0.57,FI,0.692436765429546,API,2025-08-15T11:55:16.249Z
آنیتا,female,0.73,IR,0.7142857142857143,API,2025-08-15T11:55:16.389Z
زارعی,male,0.8,IR,0.6973690519674116,API,2025-08-15T11:55:16.525Z
Akhil,male,1,IN,0.16648611150024434,API,2025-08-15T11:55:16.667Z
Prabhu,male,0.97,IN,0.25042865423147403,API,2025-08-15T11:55:16.808Z
Lillejord,unknown,0,NO,0.6514656369048336,API,2025-08-15T11:55:16.956Z
Gabrielle,female,0.99,BR,0.10479250442018133,API,2025-08-15T11:55:17.098Z
Abraham,male,0.99,AE,0.07406982373616917,API,2025-08-15T11:55:17.236Z
Anand,male,1,IN,0.27331676157187945,API,2025-08-15T11:55:17.375Z
Ahmet,male,0.98,TR,0.1709889880790606,API,2025-08-15T11:55:17.511Z
Arıcan,male,0.6,TR,0.6606233926038177,API,2025-08-15T11:55:17.657Z
Anna,female,0.99,HU,0.06547436585158642,API,2025-08-15T11:55:17.794Z
Sánchez,male,0.66,CR,0.08525690324379838,API,2025-08-15T11:55:17.935Z
Timo,male,0.99,FI,0.17692201154359372,API,2025-08-15T11:55:18.072Z
Juffermans,male,1,NL,0.5650033319552877,API,2025-08-15T11:55:18.218Z
Ece,female,0.96,TR,0.5117898316227375,API,2025-08-15T11:55:18.351Z
Samancı,male,0.92,TR,0.6186536395415593,API,2025-08-15T11:55:18.493Z
Shalinie,female,0.99,SR,0.3635302629874365,API,2025-08-15T11:55:18.637Z
Stultiens,female,1,NL,0.5796785754847735,API,2025-08-15T11:55:18.784Z
Scott,male,1,US,0.20431712680004124,API,2025-08-15T11:55:18.922Z
Sudimir,unknown,0,unknown,0,API,2025-08-15T11:55:19.066Z
Martinec,male,0.82,CZ,0.2779096741625427,API,2025-08-15T11:55:19.208Z
Carol,female,0.99,CN,0.1016171710133685,API,2025-08-15T11:55:19.344Z
Lecomte,male,0.56,FR,0.38731452612566303,API,2025-08-15T11:55:19.487Z
Hugo,male,1,ZA,0.04451655736166012,API,2025-08-15T11:55:19.625Z
Friese,male,0.68,DE,0.3720600821797314,API,2025-08-15T11:55:19.767Z
Isabella,female,0.99,CN,0.05216457653130426,API,2025-08-15T11:55:19.909Z
Courtney,female,0.9,IE,0.25792437202177454,API,2025-08-15T11:55:20.049Z
Lewis,male,0.99,US,0.22246800356068427,API,2025-08-15T11:55:20.187Z
Leo,male,0.96,CN,0.11652352697064115,API,2025-08-15T11:55:20.324Z
Salmi,male,0.58,FI,0.3393656466501487,API,2025-08-15T11:55:20.468Z
Tuğlu,male,1,TR,0.6472490746109473,API,2025-08-15T11:55:20.627Z
Sekulić,male,0.67,HR,0.31968929293387255,API,2025-08-15T11:55:20.773Z
Nielsen,male,0.95,DK,0.6296509526981451,API,2025-08-15T11:55:20.913Z
Judith,female,1,CM,0.11242384248894723,API,2025-08-15T11:55:21.050Z
Bogoljub,male,0.99,RS,0.48572812854380615,API,2025-08-15T11:55:21.195Z
Tomašević,male,0.62,HR,0.42651523513040973,API,2025-08-15T11:55:21.338Z
علی,male,0.97,IR,0.19863815441986404,API,2025-08-15T11:55:21.474Z
Zora,female,0.96,MA,0.09461946860821215,API,2025-08-15T11:55:21.614Z
Stojković,male,0.72,RS,0.532705871539945,API,2025-08-15T11:55:21.760Z
Léandro,male,0.97,FR,0.4083299079402181,API,2025-08-15T11:55:22.133Z
Frieda,female,0.99,NA,0.3785972992238395,API,2025-08-15T11:55:22.273Z
Guillot,male,0.57,FR,0.4486286523901728,API,2025-08-15T11:55:22.414Z
Anujna,unknown,0,unknown,0,API,2025-08-15T11:55:22.554Z
Bhat,male,0.82,IN,0.35140142647873696,API,2025-08-15T11:55:22.690Z
Isabel,female,0.99,PT,0.1248657758679086,API,2025-08-15T11:55:22.835Z
Ruiz,male,0.84,MX,0.06685746224574539,API,2025-08-15T11:55:22.973Z
Nedeljko,male,0.99,SI,0.23705227424106112,API,2025-08-15T11:55:23.118Z
Cvejić,female,1,RS,0.6559256223259602,API,2025-08-15T11:55:23.264Z
Alex,male,0.95,CZ,0.2316692112743668,API,2025-08-15T11:55:23.403Z
Girard,male,0.89,FR,0.29785177180536304,API,2025-08-15T11:55:23.544Z
Violeta,female,0.99,RO,0.39266623733989553,API,2025-08-15T11:55:23.683Z
Dueñas,male,0.51,EC,0.18236236893511684,API,2025-08-15T11:55:23.825Z
Lidia,female,0.99,RO,0.23131892491601724,API,2025-08-15T11:55:23.963Z
Esteban,male,0.99,GT,0.10743069037999087,API,2025-08-15T11:55:24.104Z
Afrim,male,0.98,AL,0.18909613126667565,API,2025-08-15T11:55:24.243Z
Nils,male,1,SE,0.11156231392005052,API,2025-08-15T11:55:24.378Z
كيان,female,0.63,YE,0.30317000203793304,API,2025-08-15T11:55:24.515Z
Susana,female,0.99,PT,0.08383209342034734,API,2025-08-15T11:55:24.654Z
Prieto,male,0.87,VE,0.10777739559997969,API,2025-08-15T11:55:24.792Z
Elif,female,0.98,TR,0.3003855974829751,API,2025-08-15T11:55:24.937Z
Yıldırım,male,0.97,TR,0.6427701058821913,API,2025-08-15T11:55:25.085Z
Rasmus,male,1,FI,0.32456338006537955,API,2025-08-15T11:55:25.225Z
Salvesen,unknown,0,NO,0.6199028666624266,API,2025-08-15T11:55:25.372Z
Arundhati,female,1,LC,0.219286831618669,API,2025-08-15T11:55:25.517Z
Sullad,male,1,IN,0.4955378514861121,API,2025-08-15T11:55:25.657Z
Bijvoet,unknown,0,NL,0.5612832764717386,API,2025-08-15T11:55:25.800Z
Advaith,male,1,TW,0.3674079782233111,API,2025-08-15T11:55:25.941Z
Ramesh,male,0.98,IN,0.1264059481858534,API,2025-08-15T11:55:26.082Z
Sonali,female,0.99,BD,0.17043526051584615,API,2025-08-15T11:55:26.222Z
Nayak,male,0.93,IN,0.34431498111231484,API,2025-08-15T11:55:26.361Z
Miriam,female,0.99,UG,0.07787445202052319,API,2025-08-15T11:55:26.499Z
Vázquez,male,0.67,MX,0.2169778802383768,API,2025-08-15T11:55:26.643Z
Yvonne,female,1,CM,0.10584442145339133,API,2025-08-15T11:55:26.783Z
Freeman,male,0.98,US,0.2715734529569855,API,2025-08-15T11:55:26.926Z
Teresa,female,1,AO,0.11081024503227022,API,2025-08-15T11:55:27.067Z
Grant,male,1,JM,0.22182982182672759,API,2025-08-15T11:55:27.202Z
Eva,female,0.99,CN,0.0750273986753043,API,2025-08-15T11:55:27.337Z
Wang,male,0.9,CN,0.28715703923994673,API,2025-08-15T11:55:27.475Z
Kerttu,female,0.99,SE,0.48071525496673173,API,2025-08-15T11:55:27.618Z
Kallio,male,0.62,FI,0.681271937043547,API,2025-08-15T11:55:27.759Z
Thea,female,0.99,ID,0.11479592302160285,API,2025-08-15T11:55:27.898Z
Thibault,male,0.99,CA,0.3173597363456957,API,2025-08-15T11:55:28.038Z
Martinez,male,0.66,MX,0.08109203650854224,API,2025-08-15T11:55:28.179Z
Zlata,female,0.99,SK,0.10916648416761418,API,2025-08-15T11:55:28.318Z
Nicolas,male,1,FR,0.11105594639326595,API,2025-08-15T11:55:28.459Z
Barnaby,male,1,JM,0.4147248251579411,API,2025-08-15T11:55:28.602Z
Elias,male,0.99,LB,0.05658367270033248,API,2025-08-15T11:55:28.739Z
Rasmussen,male,0.73,DK,0.5845591324733683,API,2025-08-15T11:55:28.884Z
Helen,female,1,CN,0.18604705958838288,API,2025-08-15T11:55:29.024Z
Kolnes,unknown,0,NO,0.7028772962660557,API,2025-08-15T11:55:29.167Z
Vítor,male,1,PT,0.2738337984379608,API,2025-08-15T11:55:29.307Z
Celin,female,0.82,EC,0.16886391618852994,API,2025-08-15T11:55:29.446Z
Abukar,male,0.96,SO,0.19951247022327012,API,2025-08-15T11:55:29.608Z
Alexis,male,0.85,HT,0.060924981727358885,API,2025-08-15T11:55:29.753Z
Nicklas,male,1,US,0.2308858485708626,API,2025-08-15T11:55:29.895Z
Mortensen,unknown,0,unknown,0,API,2025-08-15T11:55:30.218Z
Albert,unknown,0,unknown,0,API,2025-08-15T11:55:30.231Z
Nederstigt,unknown,0,unknown,0,API,2025-08-15T11:55:30.243Z
Sofia,unknown,0,unknown,0,API,2025-08-15T11:55:30.254Z
Noémie,unknown,0,unknown,0,API,2025-08-15T11:55:30.266Z
Andersen,unknown,0,unknown,0,API,2025-08-15T11:55:30.277Z
Vodotrav,unknown,0,unknown,0,API,2025-08-15T11:55:30.288Z
Tihonovich,unknown,0,unknown,0,API,2025-08-15T11:55:30.300Z
Melanie,unknown,0,unknown,0,API,2025-08-15T11:55:30.311Z
Reid,unknown,0,unknown,0,API,2025-08-15T11:55:30.323Z
Devashree,unknown,0,unknown,0,API,2025-08-15T11:55:30.335Z
Sara,unknown,0,unknown,0,API,2025-08-15T11:55:30.347Z
Ojala,unknown,0,unknown,0,API,2025-08-15T11:55:30.359Z
Ronnie,unknown,0,unknown,0,API,2025-08-15T11:55:30.371Z
Swathi,unknown,0,unknown,0,API,2025-08-15T11:55:30.382Z
Acharya,unknown,0,unknown,0,API,2025-08-15T11:55:30.394Z
Gürmen,unknown,0,unknown,0,API,2025-08-15T11:55:30.405Z
Anchan,unknown,0,unknown,0,API,2025-08-15T11:55:30.416Z
Noah,unknown,0,unknown,0,API,2025-08-15T11:55:30.427Z
Todd,unknown,0,unknown,0,API,2025-08-15T11:55:30.439Z
Robertson,unknown,0,unknown,0,API,2025-08-15T11:55:30.450Z
Cole,unknown,0,unknown,0,API,2025-08-15T11:55:30.462Z
Naja,unknown,0,unknown,0,API,2025-08-15T11:55:30.474Z
Jørgensen,unknown,0,unknown,0,API,2025-08-15T11:55:30.485Z
Bennett,unknown,0,unknown,0,API,2025-08-15T11:55:30.496Z
Haakon,unknown,0,unknown,0,API,2025-08-15T11:55:30.507Z
Kolstø,unknown,0,unknown,0,API,2025-08-15T11:55:30.518Z
Victor,unknown,0,unknown,0,API,2025-08-15T11:55:30.530Z
Byron,unknown,0,unknown,0,API,2025-08-15T11:55:30.541Z
Henderson,unknown,0,unknown,0,API,2025-08-15T11:55:30.552Z
Branković,unknown,0,unknown,0,API,2025-08-15T11:55:30.563Z
Francine,unknown,0,unknown,0,API,2025-08-15T11:55:30.575Z
Timmothy,unknown,0,unknown,0,API,2025-08-15T11:55:30.587Z
Kaya,unknown,0,unknown,0,API,2025-08-15T11:55:30.598Z
Bademci,unknown,0,unknown,0,API,2025-08-15T11:55:30.609Z
Darren,unknown,0,unknown,0,API,2025-08-15T11:55:30.621Z
Griffin,unknown,0,unknown,0,API,2025-08-15T11:55:30.632Z
Joás,unknown,0,unknown,0,API,2025-08-15T11:55:30.643Z
Sebastian,unknown,0,unknown,0,API,2025-08-15T11:55:30.655Z
Mitchell,unknown,0,unknown,0,API,2025-08-15T11:55:30.666Z
Saksham,unknown,0,unknown,0,API,2025-08-15T11:55:30.678Z
Shenoy,unknown,0,unknown,0,API,2025-08-15T11:55:30.689Z
Kaitlin,unknown,0,unknown,0,API,2025-08-15T11:55:30.700Z
Layla,unknown,0,unknown,0,API,2025-08-15T11:55:30.712Z
Green,unknown,0,unknown,0,API,2025-08-15T11:55:30.724Z
Alyssia,unknown,0,unknown,0,API,2025-08-15T11:55:30.736Z
Lavrans,unknown,0,unknown,0,API,2025-08-15T11:55:30.747Z
Sørvik,unknown,0,unknown,0,API,2025-08-15T11:55:30.759Z
Ishita,unknown,0,unknown,0,API,2025-08-15T11:55:30.770Z
Bhoja,unknown,0,unknown,0,API,2025-08-15T11:55:30.780Z
Vicenta,unknown,0,unknown,0,API,2025-08-15T11:55:30.792Z
Becky,unknown,0,unknown,0,API,2025-08-15T11:55:30.803Z
Hawkins,unknown,0,unknown,0,API,2025-08-15T11:55:30.815Z
Tara,unknown,0,unknown,0,API,2025-08-15T11:55:30.827Z
Richardson,unknown,0,unknown,0,API,2025-08-15T11:55:30.839Z
Lado,unknown,0,unknown,0,API,2025-08-15T11:55:30.851Z
Tarasovich,unknown,0,unknown,0,API,2025-08-15T11:55:30.862Z
Yolanda,unknown,0,unknown,0,API,2025-08-15T11:55:30.874Z
Arthur,unknown,0,unknown,0,API,2025-08-15T11:55:30.886Z
Lavigne,unknown,0,unknown,0,API,2025-08-15T11:55:30.897Z
Leevi,unknown,0,unknown,0,API,2025-08-15T11:55:30.909Z
Potishana,unknown,0,unknown,0,API,2025-08-15T11:55:30.921Z
Prigoda,unknown,0,unknown,0,API,2025-08-15T11:55:30.934Z
Roberts,unknown,0,unknown,0,API,2025-08-15T11:55:30.944Z
Samu,unknown,0,unknown,0,API,2025-08-15T11:55:30.955Z
Karjala,unknown,0,unknown,0,API,2025-08-15T11:55:30.974Z
Celestine,unknown,0,unknown,0,API,2025-08-15T11:55:30.986Z
Gautier,unknown,0,unknown,0,API,2025-08-15T11:55:30.997Z
Isaac,unknown,0,unknown,0,API,2025-08-15T11:55:31.008Z
Hernández,unknown,0,unknown,0,API,2025-08-15T11:55:31.020Z
Ieremiy,unknown,0,unknown,0,API,2025-08-15T11:55:31.031Z
Dashuk,unknown,0,unknown,0,API,2025-08-15T11:55:31.042Z
Olander,unknown,0,unknown,0,API,2025-08-15T11:55:31.053Z
Almli,unknown,0,unknown,0,API,2025-08-15T11:55:31.065Z
Christa-Maria,unknown,0,unknown,0,API,2025-08-15T11:55:31.076Z
Biehl,unknown,0,unknown,0,API,2025-08-15T11:55:31.090Z
Lozano,unknown,0,unknown,0,API,2025-08-15T11:55:31.101Z
Vedant,unknown,0,unknown,0,API,2025-08-15T11:55:31.128Z
Kumar,unknown,0,unknown,0,API,2025-08-15T11:55:31.140Z
Siham,unknown,0,unknown,0,API,2025-08-15T11:55:31.151Z
Pijpers,unknown,0,unknown,0,API,2025-08-15T11:55:31.162Z
Edwin,unknown,0,unknown,0,API,2025-08-15T11:55:31.174Z
Porter,unknown,0,unknown,0,API,2025-08-15T11:55:31.185Z
Willard,unknown,0,unknown,0,API,2025-08-15T11:55:31.197Z
Lysaker,unknown,0,unknown,0,API,2025-08-15T11:55:31.208Z
Ava,unknown,0,unknown,0,API,2025-08-15T11:55:31.220Z
Mathieu,unknown,0,unknown,0,API,2025-08-15T11:55:31.230Z
Lauryn,unknown,0,unknown,0,API,2025-08-15T11:55:31.242Z
Foppen,unknown,0,unknown,0,API,2025-08-15T11:55:31.252Z
محمد,unknown,0,unknown,0,API,2025-08-15T11:55:31.265Z
یاسمی,unknown,0,unknown,0,API,2025-08-15T11:55:31.275Z
Koçyiğit,unknown,0,unknown,0,API,2025-08-15T11:55:31.287Z
Maida,unknown,0,unknown,0,API,2025-08-15T11:55:31.299Z
Noor,unknown,0,unknown,0,API,2025-08-15T11:55:31.311Z
Natacha,unknown,0,unknown,0,API,2025-08-15T11:55:31.322Z
Dufour,unknown,0,unknown,0,API,2025-08-15T11:55:31.333Z
Andrews,unknown,0,unknown,0,API,2025-08-15T11:55:31.344Z
Leonara,unknown,0,unknown,0,API,2025-08-15T11:55:31.355Z
Pires,unknown,0,unknown,0,API,2025-08-15T11:55:31.366Z
Tobias,unknown,0,unknown,0,API,2025-08-15T11:55:31.378Z
Sørensen,unknown,0,unknown,0,API,2025-08-15T11:55:31.413Z
Saldivar,unknown,0,unknown,0,API,2025-08-15T11:55:31.424Z
Eugene,unknown,0,unknown,0,API,2025-08-15T11:55:31.436Z
Hamilton,unknown,0,unknown,0,API,2025-08-15T11:55:31.448Z
Barb,unknown,0,unknown,0,API,2025-08-15T11:55:31.461Z
Kai-Uwe,unknown,0,unknown,0,API,2025-08-15T11:55:31.476Z
Lippold,unknown,0,unknown,0,API,2025-08-15T11:55:31.493Z
Yadviga,unknown,0,unknown,0,API,2025-08-15T11:55:31.505Z
Svitlichna,unknown,0,unknown,0,API,2025-08-15T11:55:31.516Z
Eric,unknown,0,unknown,0,API,2025-08-15T11:55:31.527Z
Hopkins,unknown,0,unknown,0,API,2025-08-15T11:55:31.538Z
Tim,unknown,0,unknown,0,API,2025-08-15T11:55:31.551Z
Davis,unknown,0,unknown,0,API,2025-08-15T11:55:31.561Z
Barbara,unknown,0,unknown,0,API,2025-08-15T11:55:31.574Z
Johnston,unknown,0,unknown,0,API,2025-08-15T11:55:31.587Z
Akseli,unknown,0,unknown,0,API,2025-08-15T11:55:31.598Z
Virginie,unknown,0,unknown,0,API,2025-08-15T11:55:31.610Z
Fabre,unknown,0,unknown,0,API,2025-08-15T11:55:31.622Z
Danka,unknown,0,unknown,0,API,2025-08-15T11:55:31.635Z
Radosavljević,unknown,0,unknown,0,API,2025-08-15T11:55:31.647Z
Frank-Peter,unknown,0,unknown,0,API,2025-08-15T11:55:31.659Z
Hess,unknown,0,unknown,0,API,2025-08-15T11:55:31.671Z
Poulsen,unknown,0,unknown,0,API,2025-08-15T11:55:31.683Z
Gremislav,unknown,0,unknown,0,API,2025-08-15T11:55:31.694Z
Bobikevich,unknown,0,unknown,0,API,2025-08-15T11:55:31.705Z
Hazel,unknown,0,unknown,0,API,2025-08-15T11:55:31.716Z
Hall,unknown,0,unknown,0,API,2025-08-15T11:55:31.728Z
Svobodana,unknown,0,unknown,0,API,2025-08-15T11:55:31.740Z
Korobka,unknown,0,unknown,0,API,2025-08-15T11:55:31.752Z
Celia,unknown,0,unknown,0,API,2025-08-15T11:55:31.763Z
Gallardo,unknown,0,unknown,0,API,2025-08-15T11:55:31.775Z
Oliver,unknown,0,unknown,0,API,2025-08-15T11:55:31.787Z
Ruona,unknown,0,unknown,0,API,2025-08-15T11:55:31.798Z
Cassandre,unknown,0,unknown,0,API,2025-08-15T11:55:31.810Z
Lisa,unknown,0,unknown,0,API,2025-08-15T11:55:31.822Z
Meyer,unknown,0,unknown,0,API,2025-08-15T11:55:31.834Z
Izzie,unknown,0,unknown,0,API,2025-08-15T11:55:31.846Z
Mikael,unknown,0,unknown,0,API,2025-08-15T11:55:31.858Z
Toivonen,unknown,0,unknown,0,API,2025-08-15T11:55:31.871Z
Boyd,unknown,0,unknown,0,API,2025-08-15T11:55:31.882Z
Mateo,unknown,0,unknown,0,API,2025-08-15T11:55:31.895Z
Simon,unknown,0,unknown,0,API,2025-08-15T11:55:31.906Z
Loïc,unknown,0,unknown,0,API,2025-08-15T11:55:31.918Z
Ünal,unknown,0,unknown,0,API,2025-08-15T11:55:31.930Z
Antonije,unknown,0,unknown,0,API,2025-08-15T11:55:31.942Z
Tošić,unknown,0,unknown,0,API,2025-08-15T11:55:31.955Z
Vanessa,unknown,0,unknown,0,API,2025-08-15T11:55:31.967Z
Karim,unknown,0,unknown,0,API,2025-08-15T11:55:31.984Z
Bruce,unknown,0,unknown,0,API,2025-08-15T11:55:31.996Z
Arnoldo,unknown,0,unknown,0,API,2025-08-15T11:55:32.009Z
Murillo,unknown,0,unknown,0,API,2025-08-15T11:55:32.021Z
Niklas,unknown,0,unknown,0,API,2025-08-15T11:55:32.033Z
Lepisto,unknown,0,unknown,0,API,2025-08-15T11:55:32.045Z
Thomas,unknown,0,unknown,0,API,2025-08-15T11:55:32.056Z
Anderson,unknown,0,unknown,0,API,2025-08-15T11:55:32.069Z
Roland,unknown,0,unknown,0,API,2025-08-15T11:55:32.080Z
Alnıaçık,unknown,0,unknown,0,API,2025-08-15T11:55:32.092Z
Sedef,unknown,0,unknown,0,API,2025-08-15T11:55:32.104Z
Nebioğlu,unknown,0,unknown,0,API,2025-08-15T11:55:32.117Z
Vernekar,unknown,0,unknown,0,API,2025-08-15T11:55:32.129Z
Isaak,unknown,0,unknown,0,API,2025-08-15T11:55:32.140Z
Hovens,unknown,0,unknown,0,API,2025-08-15T11:55:32.151Z
Sem,unknown,0,unknown,0,API,2025-08-15T11:55:32.164Z
Van de Sluis,unknown,0,unknown,0,API,2025-08-15T11:55:32.176Z
Carlindo,unknown,0,unknown,0,API,2025-08-15T11:55:32.188Z
Melo,unknown,0,unknown,0,API,2025-08-15T11:55:32.199Z
Jeremiah,unknown,0,unknown,0,API,2025-08-15T11:55:32.211Z
Hill,unknown,0,unknown,0,API,2025-08-15T11:55:32.223Z
Willow,unknown,0,unknown,0,API,2025-08-15T11:55:32.234Z
Saarela,unknown,0,unknown,0,API,2025-08-15T11:55:32.246Z
Elisa,unknown,0,unknown,0,API,2025-08-15T11:55:32.258Z
Santos,unknown,0,unknown,0,API,2025-08-15T11:55:32.270Z
Caterina,unknown,0,unknown,0,API,2025-08-15T11:55:32.283Z
Beyer,unknown,0,unknown,0,API,2025-08-15T11:55:32.295Z
Aino,unknown,0,unknown,0,API,2025-08-15T11:55:32.307Z
Wirta,unknown,0,unknown,0,API,2025-08-15T11:55:32.319Z
Noelia,unknown,0,unknown,0,API,2025-08-15T11:55:32.331Z
Ramírez,unknown,0,unknown,0,API,2025-08-15T11:55:32.344Z
Aydan,unknown,0,unknown,0,API,2025-08-15T11:55:32.356Z
Dan,unknown,0,unknown,0,API,2025-08-15T11:55:32.368Z
Nizhinskiy,unknown,0,unknown,0,API,2025-08-15T11:55:32.380Z
Quentin,unknown,0,unknown,0,API,2025-08-15T11:55:32.392Z
Lacroix,unknown,0,unknown,0,API,2025-08-15T11:55:32.405Z
Maurice,unknown,0,unknown,0,API,2025-08-15T11:55:32.417Z
Esther,unknown,0,unknown,0,API,2025-08-15T11:55:32.430Z
Tejeda,unknown,0,unknown,0,API,2025-08-15T11:55:32.443Z
Marcele,unknown,0,unknown,0,API,2025-08-15T11:55:32.455Z
Moura,unknown,0,unknown,0,API,2025-08-15T11:55:32.467Z
Nathaniel,unknown,0,unknown,0,API,2025-08-15T11:55:32.480Z
Rosa,unknown,0,unknown,0,API,2025-08-15T11:55:32.491Z
Mechthild,unknown,0,unknown,0,API,2025-08-15T11:55:32.503Z
Zacher,unknown,0,unknown,0,API,2025-08-15T11:55:32.515Z
Wiitala,unknown,0,unknown,0,API,2025-08-15T11:55:32.527Z
Lillian,unknown,0,unknown,0,API,2025-08-15T11:55:32.539Z
Wyatt,unknown,0,unknown,0,API,2025-08-15T11:55:32.551Z
Sullivan,unknown,0,unknown,0,API,2025-08-15T11:55:32.564Z
Titia,unknown,0,unknown,0,API,2025-08-15T11:55:32.577Z
Blokzijl,unknown,0,unknown,0,API,2025-08-15T11:55:32.589Z
Domingos,unknown,0,unknown,0,API,2025-08-15T11:55:32.600Z
Novaes,unknown,0,unknown,0,API,2025-08-15T11:55:32.613Z
رضا,unknown,0,unknown,0,API,2025-08-15T11:55:32.756Z
جعفری,unknown,0,unknown,0,API,2025-08-15T11:55:32.768Z
Angelo,unknown,0,unknown,0,API,2025-08-15T11:55:32.780Z
Berger,unknown,0,unknown,0,API,2025-08-15T11:55:32.792Z
Ivy,unknown,0,unknown,0,API,2025-08-15T11:55:32.802Z
آیلین,unknown,0,unknown,0,API,2025-08-15T11:55:32.814Z
حسینی,unknown,0,unknown,0,API,2025-08-15T11:55:32.825Z
Ali,unknown,0,unknown,0,API,2025-08-15T11:55:32.839Z
Akman,unknown,0,unknown,0,API,2025-08-15T11:55:32.850Z
Max,unknown,0,unknown,0,API,2025-08-15T11:55:32.862Z
Watts,unknown,0,unknown,0,API,2025-08-15T11:55:32.874Z
Vernon,unknown,0,unknown,0,API,2025-08-15T11:55:32.885Z
Barrett,unknown,0,unknown,0,API,2025-08-15T11:55:32.896Z
Oskari,unknown,0,unknown,0,API,2025-08-15T11:55:32.908Z
Seppanen,unknown,0,unknown,0,API,2025-08-15T11:55:32.919Z
Liva,unknown,0,unknown,0,API,2025-08-15T11:55:32.930Z
Žarko,unknown,0,unknown,0,API,2025-08-15T11:55:32.941Z
Terzić,unknown,0,unknown,0,API,2025-08-15T11:55:32.953Z
Ondriy,unknown,0,unknown,0,API,2025-08-15T11:55:32.964Z
Boiechko,unknown,0,unknown,0,API,2025-08-15T11:55:32.978Z
Venla,unknown,0,unknown,0,API,2025-08-15T11:55:32.989Z
Rintala,unknown,0,unknown,0,API,2025-08-15T11:55:33.000Z
Oda,unknown,0,unknown,0,API,2025-08-15T11:55:33.012Z
Skjerven,unknown,0,unknown,0,API,2025-08-15T11:55:33.023Z
حیدری,unknown,0,unknown,0,API,2025-08-15T11:55:33.034Z
Vittorio,unknown,0,unknown,0,API,2025-08-15T11:55:33.046Z
Benjamin,unknown,0,unknown,0,API,2025-08-15T11:55:33.058Z
Graves,unknown,0,unknown,0,API,2025-08-15T11:55:33.069Z
Young,unknown,0,unknown,0,API,2025-08-15T11:55:33.080Z
سهیل,unknown,0,unknown,0,API,2025-08-15T11:55:33.092Z
رضاییان,unknown,0,unknown,0,API,2025-08-15T11:55:33.103Z
Saarinen,unknown,0,unknown,0,API,2025-08-15T11:55:33.115Z
Déborah,unknown,0,unknown,0,API,2025-08-15T11:55:33.126Z
da Mata,unknown,0,unknown,0,API,2025-08-15T11:55:33.138Z
Eetu,unknown,0,unknown,0,API,2025-08-15T11:55:33.149Z
Sippola,unknown,0,unknown,0,API,2025-08-15T11:55:33.161Z
Sjuul,unknown,0,unknown,0,API,2025-08-15T11:55:33.172Z
Snijder,unknown,0,unknown,0,API,2025-08-15T11:55:33.183Z
Samesh,unknown,0,unknown,0,API,2025-08-15T11:55:33.195Z
Svitolyuba,unknown,0,unknown,0,API,2025-08-15T11:55:33.207Z
Paneyko,unknown,0,unknown,0,API,2025-08-15T11:55:33.217Z
Helmi,unknown,0,unknown,0,API,2025-08-15T11:55:33.229Z
Ahonen,unknown,0,unknown,0,API,2025-08-15T11:55:33.240Z
Deodira,unknown,0,unknown,0,API,2025-08-15T11:55:33.252Z
Clarke,unknown,0,unknown,0,API,2025-08-15T11:55:33.263Z
Tyrone,unknown,0,unknown,0,API,2025-08-15T11:55:33.275Z
Little,unknown,0,unknown,0,API,2025-08-15T11:55:33.286Z
Johnson,unknown,0,unknown,0,API,2025-08-15T11:55:33.298Z
Jayden,unknown,0,unknown,0,API,2025-08-15T11:55:33.309Z
Meehan,unknown,0,unknown,0,API,2025-08-15T11:55:33.321Z
Miroslaw,unknown,0,unknown,0,API,2025-08-15T11:55:33.332Z
Tonn,unknown,0,unknown,0,API,2025-08-15T11:55:33.344Z
Phil,unknown,0,unknown,0,API,2025-08-15T11:55:33.355Z
Glaser,unknown,0,unknown,0,API,2025-08-15T11:55:33.367Z
Campbell,unknown,0,unknown,0,API,2025-08-15T11:55:33.379Z
Elya,unknown,0,unknown,0,API,2025-08-15T11:55:33.390Z
Renaud,unknown,0,unknown,0,API,2025-08-15T11:55:33.401Z
Carr,unknown,0,unknown,0,API,2025-08-15T11:55:33.413Z
Niska,unknown,0,unknown,0,API,2025-08-15T11:55:33.424Z
Nathan,unknown,0,unknown,0,API,2025-08-15T11:55:33.436Z
Leroux,unknown,0,unknown,0,API,2025-08-15T11:55:33.448Z
Tomothy,unknown,0,unknown,0,API,2025-08-15T11:55:33.460Z
Lord,unknown,0,unknown,0,API,2025-08-15T11:55:33.471Z
Marie-Luise,unknown,0,unknown,0,API,2025-08-15T11:55:33.483Z
Eßer,unknown,0,unknown,0,API,2025-08-15T11:55:33.495Z
Mayra,unknown,0,unknown,0,API,2025-08-15T11:55:33.507Z
Sheikh,unknown,0,unknown,0,API,2025-08-15T11:55:33.519Z
Louanne,unknown,0,unknown,0,API,2025-08-15T11:55:33.531Z
Miro,unknown,0,unknown,0,API,2025-08-15T11:55:33.543Z
Hamalainen,unknown,0,unknown,0,API,2025-08-15T11:55:33.555Z
Hema,unknown,0,unknown,0,API,2025-08-15T11:55:33.566Z
Saldanha,unknown,0,unknown,0,API,2025-08-15T11:55:33.579Z
Birgit,unknown,0,unknown,0,API,2025-08-15T11:55:33.590Z
Lefebvre,unknown,0,unknown,0,API,2025-08-15T11:55:33.603Z
Rauer,unknown,0,unknown,0,API,2025-08-15T11:55:33.615Z
Viola,unknown,0,unknown,0,API,2025-08-15T11:55:33.627Z
Fontai,unknown,0,unknown,0,API,2025-08-15T11:55:33.639Z
Lam,unknown,0,unknown,0,API,2025-08-15T11:55:33.651Z
Matias,unknown,0,unknown,0,API,2025-08-15T11:55:33.663Z
Ahola,unknown,0,unknown,0,API,2025-08-15T11:55:33.675Z
Enrique,unknown,0,unknown,0,API,2025-08-15T11:55:33.687Z
کوروش,unknown,0,unknown,0,API,2025-08-15T11:55:33.701Z
Helmar,unknown,0,unknown,0,API,2025-08-15T11:55:33.712Z
Rau,unknown,0,unknown,0,API,2025-08-15T11:55:33.724Z
Anthony,unknown,0,unknown,0,API,2025-08-15T11:55:33.736Z
Diego,unknown,0,unknown,0,API,2025-08-15T11:55:33.747Z
Egeli,unknown,0,unknown,0,API,2025-08-15T11:55:33.760Z
Augusto,unknown,0,unknown,0,API,2025-08-15T11:55:33.772Z
Antoine,unknown,0,unknown,0,API,2025-08-15T11:55:33.783Z
Ambrose,unknown,0,unknown,0,API,2025-08-15T11:55:33.795Z
Lucas,unknown,0,unknown,0,API,2025-08-15T11:55:33.807Z
Zackary,unknown,0,unknown,0,API,2025-08-15T11:55:33.818Z
Mathilde,unknown,0,unknown,0,API,2025-08-15T11:55:33.829Z
Rita,unknown,0,unknown,0,API,2025-08-15T11:55:33.840Z
Romero,unknown,0,unknown,0,API,2025-08-15T11:55:33.851Z
Marcia,unknown,0,unknown,0,API,2025-08-15T11:55:33.863Z
Denis,unknown,0,unknown,0,API,2025-08-15T11:55:33.875Z
Ela,unknown,0,unknown,0,API,2025-08-15T11:55:33.886Z
Grønn,unknown,0,unknown,0,API,2025-08-15T11:55:33.899Z
Reginald,unknown,0,unknown,0,API,2025-08-15T11:55:33.910Z
Hicks,unknown,0,unknown,0,API,2025-08-15T11:55:33.945Z
Johan,unknown,0,unknown,0,API,2025-08-15T11:55:33.956Z
Colin,unknown,0,unknown,0,API,2025-08-15T11:55:33.968Z
Violet,unknown,0,unknown,0,API,2025-08-15T11:55:33.979Z
Wood,unknown,0,unknown,0,API,2025-08-15T11:55:33.991Z
Karaer,unknown,0,unknown,0,API,2025-08-15T11:55:34.003Z
Hubert,unknown,0,unknown,0,API,2025-08-15T11:55:34.015Z
Adrien,unknown,0,unknown,0,API,2025-08-15T11:55:34.026Z
Kurutluoğlu,unknown,0,unknown,0,API,2025-08-15T11:55:34.037Z
Jimmy,unknown,0,unknown,0,API,2025-08-15T11:55:34.048Z
Hestetun,unknown,0,unknown,0,API,2025-08-15T11:55:34.060Z
Mallika,unknown,0,unknown,0,API,2025-08-15T11:55:34.071Z
Rosalie,unknown,0,unknown,0,API,2025-08-15T11:55:34.083Z
Rössler,unknown,0,unknown,0,API,2025-08-15T11:55:34.095Z
Carmelo,unknown,0,unknown,0,API,2025-08-15T11:55:34.107Z
Lemus,unknown,0,unknown,0,API,2025-08-15T11:55:34.119Z
Gordana,unknown,0,unknown,0,API,2025-08-15T11:55:34.131Z
Ninković,unknown,0,unknown,0,API,2025-08-15T11:55:34.143Z
Miloš,unknown,0,unknown,0,API,2025-08-15T11:55:34.155Z
Nemanjić,unknown,0,unknown,0,API,2025-08-15T11:55:34.167Z
Seyyid,unknown,0,unknown,0,API,2025-08-15T11:55:34.200Z
Dissel,unknown,0,unknown,0,API,2025-08-15T11:55:34.212Z
Luz,unknown,0,unknown,0,API,2025-08-15T11:55:34.224Z
Cvitan,unknown,0,unknown,0,API,2025-08-15T11:55:34.235Z
Netreba,unknown,0,unknown,0,API,2025-08-15T11:55:34.246Z
Sophie,unknown,0,unknown,0,API,2025-08-15T11:55:34.258Z
Bouchard,unknown,0,unknown,0,API,2025-08-15T11:55:34.270Z
Astrid,unknown,0,unknown,0,API,2025-08-15T11:55:34.281Z
Thomsen,unknown,0,unknown,0,API,2025-08-15T11:55:34.292Z
تینا,unknown,0,unknown,0,API,2025-08-15T11:55:34.303Z
رضایی,unknown,0,unknown,0,API,2025-08-15T11:55:34.315Z
Ćirić,unknown,0,unknown,0,API,2025-08-15T11:55:34.327Z
Viivi,unknown,0,unknown,0,API,2025-08-15T11:55:34.339Z
Karvonen,unknown,0,unknown,0,API,2025-08-15T11:55:34.349Z
Isolde,unknown,0,unknown,0,API,2025-08-15T11:55:34.361Z
Köhne,unknown,0,unknown,0,API,2025-08-15T11:55:34.372Z
Bailey,unknown,0,unknown,0,API,2025-08-15T11:55:34.384Z
Troost,unknown,0,unknown,0,API,2025-08-15T11:55:34.396Z
Vladlena,unknown,0,unknown,0,API,2025-08-15T11:55:34.408Z
Titarenko,unknown,0,unknown,0,API,2025-08-15T11:55:34.421Z
Samantha,unknown,0,unknown,0,API,2025-08-15T11:55:34.432Z
Kuhn,unknown,0,unknown,0,API,2025-08-15T11:55:34.444Z
Éveline,unknown,0,unknown,0,API,2025-08-15T11:55:34.457Z
Ümit,unknown,0,unknown,0,API,2025-08-15T11:55:34.468Z
Biçer,unknown,0,unknown,0,API,2025-08-15T11:55:34.480Z
مهرسا,unknown,0,unknown,0,API,2025-08-15T11:55:34.491Z
پارسا,unknown,0,unknown,0,API,2025-08-15T11:55:34.503Z
Tvorimira,unknown,0,unknown,0,API,2025-08-15T11:55:34.515Z
Dudka,unknown,0,unknown,0,API,2025-08-15T11:55:34.527Z
Kajsa,unknown,0,unknown,0,API,2025-08-15T11:55:34.539Z
Stølen,unknown,0,unknown,0,API,2025-08-15T11:55:34.550Z
Christoffer,unknown,0,unknown,0,API,2025-08-15T11:55:34.561Z
Peggy,unknown,0,unknown,0,API,2025-08-15T11:55:34.573Z
Ortiz,unknown,0,unknown,0,API,2025-08-15T11:55:34.585Z
Bruno,unknown,0,unknown,0,API,2025-08-15T11:55:34.597Z
Ceja,unknown,0,unknown,0,API,2025-08-15T11:55:34.609Z
Tilman,unknown,0,unknown,0,API,2025-08-15T11:55:34.621Z
Kowalski,unknown,0,unknown,0,API,2025-08-15T11:55:34.633Z
Resch,unknown,0,unknown,0,API,2025-08-15T11:55:34.644Z
Saana,unknown,0,unknown,0,API,2025-08-15T11:55:34.657Z
Suomi,unknown,0,unknown,0,API,2025-08-15T11:55:34.667Z
Catherine,unknown,0,unknown,0,API,2025-08-15T11:55:34.679Z
Bernard,unknown,0,unknown,0,API,2025-08-15T11:55:34.690Z
Myrhaug,unknown,0,unknown,0,API,2025-08-15T11:55:34.714Z
Manuel,unknown,0,unknown,0,API,2025-08-15T11:55:34.726Z
Brandie,unknown,0,unknown,0,API,2025-08-15T11:55:34.739Z
Austin,unknown,0,unknown,0,API,2025-08-15T11:55:34.750Z
Erdinç,unknown,0,unknown,0,API,2025-08-15T11:55:34.761Z
Van Vegten,unknown,0,unknown,0,API,2025-08-15T11:55:34.772Z
Velders,unknown,0,unknown,0,API,2025-08-15T11:55:34.783Z
Jovana,unknown,0,unknown,0,API,2025-08-15T11:55:34.795Z
Ivić,unknown,0,unknown,0,API,2025-08-15T11:55:34.806Z
Diane,unknown,0,unknown,0,API,2025-08-15T11:55:34.818Z
Perkins,unknown,0,unknown,0,API,2025-08-15T11:55:34.830Z
Manon,unknown,0,unknown,0,API,2025-08-15T11:55:34.842Z
Rousseau,unknown,0,unknown,0,API,2025-08-15T11:55:34.854Z
Nóris,unknown,0,unknown,0,API,2025-08-15T11:55:34.866Z
Costa,unknown,0,unknown,0,API,2025-08-15T11:55:34.878Z
Cassandra,unknown,0,unknown,0,API,2025-08-15T11:55:34.891Z
Fernandez,unknown,0,unknown,0,API,2025-08-15T11:55:34.903Z
Simão,unknown,0,unknown,0,API,2025-08-15T11:55:34.915Z
Dias,unknown,0,unknown,0,API,2025-08-15T11:55:34.927Z
Brás,unknown,0,unknown,0,API,2025-08-15T11:55:34.939Z
Karsten,unknown,0,unknown,0,API,2025-08-15T11:55:34.951Z
Christensen,unknown,0,unknown,0,API,2025-08-15T11:55:34.963Z
Dev,unknown,0,unknown,0,API,2025-08-15T11:55:34.975Z
محمدمهدی,unknown,0,unknown,0,API,2025-08-15T11:55:34.986Z
سلطانی نژاد,unknown,0,unknown,0,API,2025-08-15T11:55:34.999Z
Gema,unknown,0,unknown,0,API,2025-08-15T11:55:35.012Z
Filippa,unknown,0,unknown,0,API,2025-08-15T11:55:35.023Z
Owens,unknown,0,unknown,0,API,2025-08-15T11:55:35.035Z
Florence,unknown,0,unknown,0,API,2025-08-15T11:55:35.047Z
Eugenia,unknown,0,unknown,0,API,2025-08-15T11:55:35.059Z
Hammerschmidt,unknown,0,unknown,0,API,2025-08-15T11:55:35.071Z
Kristensen,unknown,0,unknown,0,API,2025-08-15T11:55:35.083Z
Kuday,unknown,0,unknown,0,API,2025-08-15T11:55:35.095Z
Rachid,unknown,0,unknown,0,API,2025-08-15T11:55:35.107Z
Heijman,unknown,0,unknown,0,API,2025-08-15T11:55:35.118Z
Galina,unknown,0,unknown,0,API,2025-08-15T11:55:35.130Z
Orlić,unknown,0,unknown,0,API,2025-08-15T11:55:35.142Z
Kennedy,unknown,0,unknown,0,API,2025-08-15T11:55:35.379Z
Laurent,unknown,0,unknown,0,API,2025-08-15T11:55:35.391Z
Afet,unknown,0,unknown,0,API,2025-08-15T11:55:35.403Z
Alemán,unknown,0,unknown,0,API,2025-08-15T11:55:35.416Z
Gavin,unknown,0,unknown,0,API,2025-08-15T11:55:35.428Z
Schmidt,unknown,0,unknown,0,API,2025-08-15T11:55:35.440Z
Peppi,unknown,0,unknown,0,API,2025-08-15T11:55:35.452Z
Halla,unknown,0,unknown,0,API,2025-08-15T11:55:35.464Z
Kim,unknown,0,unknown,0,API,2025-08-15T11:55:35.475Z
Welch,unknown,0,unknown,0,API,2025-08-15T11:55:35.487Z
Eliza,unknown,0,unknown,0,API,2025-08-15T11:55:35.500Z
Jenkins,unknown,0,unknown,0,API,2025-08-15T11:55:35.512Z
Domingo,unknown,0,unknown,0,API,2025-08-15T11:55:35.525Z
Emilio,unknown,0,unknown,0,API,2025-08-15T11:55:35.537Z
Ekstrøm,unknown,0,unknown,0,API,2025-08-15T11:55:35.550Z
Alfonso,unknown,0,unknown,0,API,2025-08-15T11:55:35.562Z
Cuellar,unknown,0,unknown,0,API,2025-08-15T11:55:35.574Z
Rashmitha,unknown,0,unknown,0,API,2025-08-15T11:55:35.586Z
Chiplunkar,unknown,0,unknown,0,API,2025-08-15T11:55:35.597Z
Curtis,unknown,0,unknown,0,API,2025-08-15T11:55:35.608Z
Orlando,unknown,0,unknown,0,API,2025-08-15T11:55:35.620Z
Aguirre,unknown,0,unknown,0,API,2025-08-15T11:55:35.632Z
Rice,unknown,0,unknown,0,API,2025-08-15T11:55:35.644Z
Stella,unknown,0,unknown,0,API,2025-08-15T11:55:35.656Z
Joel,unknown,0,unknown,0,API,2025-08-15T11:55:35.669Z
Mantyla,unknown,0,unknown,0,API,2025-08-15T11:55:35.680Z
Vandana,unknown,0,unknown,0,API,2025-08-15T11:55:35.692Z
Manjunath,unknown,0,unknown,0,API,2025-08-15T11:55:35.704Z
Amandine,unknown,0,unknown,0,API,2025-08-15T11:55:35.732Z
César,unknown,0,unknown,0,API,2025-08-15T11:55:35.744Z
Carvajal,unknown,0,unknown,0,API,2025-08-15T11:55:35.756Z
Ilona,unknown,0,unknown,0,API,2025-08-15T11:55:35.768Z
Niva,unknown,0,unknown,0,API,2025-08-15T11:55:35.780Z
Harman,unknown,0,unknown,0,API,2025-08-15T11:55:35.792Z
Van Boven,unknown,0,unknown,0,API,2025-08-15T11:55:35.804Z
Yana,unknown,0,unknown,0,API,2025-08-15T11:55:35.815Z
Bilous,unknown,0,unknown,0,API,2025-08-15T11:55:35.827Z
Mitesh,unknown,0,unknown,0,API,2025-08-15T11:55:35.838Z
Chavare,unknown,0,unknown,0,API,2025-08-15T11:55:35.851Z
کیانا,unknown,0,unknown,0,API,2025-08-15T11:55:35.863Z
کوتی,unknown,0,unknown,0,API,2025-08-15T11:55:35.876Z
مانی,unknown,0,unknown,0,API,2025-08-15T11:55:35.888Z
کامروا,unknown,0,unknown,0,API,2025-08-15T11:55:35.900Z
Milja,unknown,0,unknown,0,API,2025-08-15T11:55:35.912Z
Wiita,unknown,0,unknown,0,API,2025-08-15T11:55:35.924Z
Hristofor,unknown,0,unknown,0,API,2025-08-15T11:55:35.937Z
Mihaylik,unknown,0,unknown,0,API,2025-08-15T11:55:35.949Z
Maria-Luise,unknown,0,unknown,0,API,2025-08-15T11:55:35.960Z
Gramlich,unknown,0,unknown,0,API,2025-08-15T11:55:35.972Z
Stephen,unknown,0,unknown,0,API,2025-08-15T11:55:35.985Z
Menard,unknown,0,unknown,0,API,2025-08-15T11:55:35.996Z
Castillo,unknown,0,unknown,0,API,2025-08-15T11:55:36.008Z
Ramya,unknown,0,unknown,0,API,2025-08-15T11:55:36.022Z
Nair,unknown,0,unknown,0,API,2025-08-15T11:55:36.034Z
Valtteri,unknown,0,unknown,0,API,2025-08-15T11:55:36.046Z
Kivi,unknown,0,unknown,0,API,2025-08-15T11:55:36.058Z
Nieto,unknown,0,unknown,0,API,2025-08-15T11:55:36.070Z
Aloke,unknown,0,unknown,0,API,2025-08-15T11:55:36.082Z
Jain,unknown,0,unknown,0,API,2025-08-15T11:55:36.094Z
Arnaud,unknown,0,unknown,0,API,2025-08-15T11:55:36.107Z
Novak,unknown,0,unknown,0,API,2025-08-15T11:55:36.119Z
Dragana,unknown,0,unknown,0,API,2025-08-15T11:55:36.131Z
Karadžić,unknown,0,unknown,0,API,2025-08-15T11:55:36.144Z
Dimitrije,unknown,0,unknown,0,API,2025-08-15T11:55:36.156Z
Miljković,unknown,0,unknown,0,API,2025-08-15T11:55:36.169Z
Jesús,unknown,0,unknown,0,API,2025-08-15T11:55:36.181Z
Galindo,unknown,0,unknown,0,API,2025-08-15T11:55:36.192Z
Inken,unknown,0,unknown,0,API,2025-08-15T11:55:36.203Z
Sperber,unknown,0,unknown,0,API,2025-08-15T11:55:36.214Z
Ellen,unknown,0,unknown,0,API,2025-08-15T11:55:36.226Z
Perala,unknown,0,unknown,0,API,2025-08-15T11:55:36.239Z
Bolatlı,unknown,0,unknown,0,API,2025-08-15T11:55:36.250Z
Emil,unknown,0,unknown,0,API,2025-08-15T11:55:36.261Z
Ramo,unknown,0,unknown,0,API,2025-08-15T11:55:36.273Z
Nermin,unknown,0,unknown,0,API,2025-08-15T11:55:36.284Z
Franzke,unknown,0,unknown,0,API,2025-08-15T11:55:36.295Z
آرش,unknown,0,unknown,0,API,2025-08-15T11:55:36.308Z
Jones,unknown,0,unknown,0,API,2025-08-15T11:55:36.320Z
Justine,unknown,0,unknown,0,API,2025-08-15T11:55:36.332Z
Pascale,unknown,0,unknown,0,API,2025-08-15T11:55:36.345Z
Nguyen,unknown,0,unknown,0,API,2025-08-15T11:55:36.356Z
Viroslav,unknown,0,unknown,0,API,2025-08-15T11:55:36.368Z
Duzhiy,unknown,0,unknown,0,API,2025-08-15T11:55:36.385Z
Seppala,unknown,0,unknown,0,API,2025-08-15T11:55:36.397Z
Izolda,unknown,0,unknown,0,API,2025-08-15T11:55:36.408Z
Zdravković,unknown,0,unknown,0,API,2025-08-15T11:55:36.421Z
Rinse,unknown,0,unknown,0,API,2025-08-15T11:55:36.431Z
De Veen,unknown,0,unknown,0,API,2025-08-15T11:55:36.443Z
Aayush,unknown,0,unknown,0,API,2025-08-15T11:55:36.455Z
Adiga,unknown,0,unknown,0,API,2025-08-15T11:55:36.467Z
Denys,unknown,0,unknown,0,API,2025-08-15T11:55:36.494Z
Özdoğan,unknown,0,unknown,0,API,2025-08-15T11:55:36.506Z
Allison,unknown,0,unknown,0,API,2025-08-15T11:55:36.518Z
Cunningham,unknown,0,unknown,0,API,2025-08-15T11:55:36.531Z
Radivoje,unknown,0,unknown,0,API,2025-08-15T11:55:36.542Z
Javeria,unknown,0,unknown,0,API,2025-08-15T11:55:36.554Z
Bharanya,unknown,0,unknown,0,API,2025-08-15T11:55:36.566Z
Anfisa,unknown,0,unknown,0,API,2025-08-15T11:55:36.578Z
Malahovski,unknown,0,unknown,0,API,2025-08-15T11:55:36.590Z
Olivar,unknown,0,unknown,0,API,2025-08-15T11:55:36.602Z
Rezende,unknown,0,unknown,0,API,2025-08-15T11:55:36.636Z
پرنیا,unknown,0,unknown,0,API,2025-08-15T11:55:36.648Z
Kyllonen,unknown,0,unknown,0,API,2025-08-15T11:55:36.660Z
Jenny,unknown,0,unknown,0,API,2025-08-15T11:55:36.671Z
Aryan,unknown,0,unknown,0,API,2025-08-15T11:55:36.683Z
Miloslav,unknown,0,unknown,0,API,2025-08-15T11:55:36.695Z
Mulyar,unknown,0,unknown,0,API,2025-08-15T11:55:36.707Z
Miguel,unknown,0,unknown,0,API,2025-08-15T11:55:36.719Z
Zapata,unknown,0,unknown,0,API,2025-08-15T11:55:36.731Z
Anastasija,unknown,0,unknown,0,API,2025-08-15T11:55:36.743Z
Stanojević,unknown,0,unknown,0,API,2025-08-15T11:55:36.756Z
Artur,unknown,0,unknown,0,API,2025-08-15T11:55:36.768Z
Debus,unknown,0,unknown,0,API,2025-08-15T11:55:36.780Z
Parv,unknown,0,unknown,0,API,2025-08-15T11:55:36.792Z
Rao,unknown,0,unknown,0,API,2025-08-15T11:55:36.804Z
Ceyhun,unknown,0,unknown,0,API,2025-08-15T11:55:36.815Z
Çetin,unknown,0,unknown,0,API,2025-08-15T11:55:36.827Z
Katharine,unknown,0,unknown,0,API,2025-08-15T11:55:36.839Z
Krah,unknown,0,unknown,0,API,2025-08-15T11:55:36.852Z
Shawn,unknown,0,unknown,0,API,2025-08-15T11:55:36.864Z
Ana Luisa,unknown,0,unknown,0,API,2025-08-15T11:55:36.877Z
Nazario,unknown,0,unknown,0,API,2025-08-15T11:55:36.891Z
Josefina,unknown,0,unknown,0,API,2025-08-15T11:55:36.903Z
Christy,unknown,0,unknown,0,API,2025-08-15T11:55:36.915Z
Bradley,unknown,0,unknown,0,API,2025-08-15T11:55:36.927Z
Sumaya,unknown,0,unknown,0,API,2025-08-15T11:55:36.939Z
Morel,unknown,0,unknown,0,API,2025-08-15T11:55:36.951Z
Lori,unknown,0,unknown,0,API,2025-08-15T11:55:36.963Z
Budivoy,unknown,0,unknown,0,API,2025-08-15T11:55:36.975Z
Ignatenko,unknown,0,unknown,0,API,2025-08-15T11:55:36.986Z
Guilherme,unknown,0,unknown,0,API,2025-08-15T11:55:36.998Z
Lopes,unknown,0,unknown,0,API,2025-08-15T11:55:37.011Z
Hannah,unknown,0,unknown,0,API,2025-08-15T11:55:37.022Z
Terry,unknown,0,unknown,0,API,2025-08-15T11:55:37.035Z
Harper,unknown,0,unknown,0,API,2025-08-15T11:55:37.048Z
Trupti,unknown,0,unknown,0,API,2025-08-15T11:55:37.059Z
Brandon,unknown,0,unknown,0,API,2025-08-15T11:55:37.072Z
Gilbert,unknown,0,unknown,0,API,2025-08-15T11:55:37.084Z
Annieke,unknown,0,unknown,0,API,2025-08-15T11:55:37.097Z
Boxman,unknown,0,unknown,0,API,2025-08-15T11:55:37.109Z
Balduíno,unknown,0,unknown,0,API,2025-08-15T11:55:37.121Z
Arianna,unknown,0,unknown,0,API,2025-08-15T11:55:37.133Z
Sanchez,unknown,0,unknown,0,API,2025-08-15T11:55:37.147Z
Brittany,unknown,0,unknown,0,API,2025-08-15T11:55:37.159Z
Stacy,unknown,0,unknown,0,API,2025-08-15T11:55:37.171Z
Wendy,unknown,0,unknown,0,API,2025-08-15T11:55:37.183Z
Caleb,unknown,0,unknown,0,API,2025-08-15T11:55:37.195Z
Holmes,unknown,0,unknown,0,API,2025-08-15T11:55:37.207Z
Ellis,unknown,0,unknown,0,API,2025-08-15T11:55:37.219Z
Madison,unknown,0,unknown,0,API,2025-08-15T11:55:37.231Z
Rodriquez,unknown,0,unknown,0,API,2025-08-15T11:55:37.243Z
Clifford,unknown,0,unknown,0,API,2025-08-15T11:55:37.256Z
Elmer,unknown,0,unknown,0,API,2025-08-15T11:55:37.268Z
Philip,unknown,0,unknown,0,API,2025-08-15T11:55:37.280Z
Sandra,unknown,0,unknown,0,API,2025-08-15T11:55:37.292Z
Brad,unknown,0,unknown,0,API,2025-08-15T11:55:37.304Z
Payne,unknown,0,unknown,0,API,2025-08-15T11:55:37.316Z